-0.026222014419697806,-0.004654685186046857,0.0033699516010118682,-0.026608482115986466,True,0
-0.026315108123418744,-0.1998248015698143,0.002837781958692139,0.2671357940087807,False,0
-0.03031160415481503,-0.004743465459245921,0.008180497838867751,-0.024650725138345098,False,1
-0.03040647346399995,-0.19998177091806657,0.00768748333610085,0.2706019735541853,False,0
-0.03440610888236128,-0.004970359183596285,0.013099522807184556,-0.01964640274985241,False,1
-0.03450551606603321,-0.20027769818465352,0.012706594752187508,0.2771406199849999,False,0
-0.03851107002972628,-0.00533930926118209,0.018249407151887505,-0.011507719681032091,False,1
-0.03861785621494992,0.18951623133972004,0.018019252758266862,-0.2983773328948448,False,1
-0.03482753158815552,-0.00585788016739891,0.012051706100369965,-6.636824085964887e-05,False,0
-0.034944689191503495,-0.20115057836494493,0.012050378735552772,0.29639452137201805,False,0
-0.03896770075880239,-0.00620246897450577,0.01797826916299313,0.007536314184619697,False,1
-0.039091750138292504,0.18865709615244752,0.018128995446685524,-0.2794204717609582,False,1
-0.035318608215243553,-0.006718715644585038,0.01254058601146636,0.018924720733308864,False,0
-0.03545298252813525,0.188221165344645,0.012919080426132538,-0.26977527229711507,False,1
-0.03168855922124235,-0.007082741508950274,0.007523574980190237,0.026954244761164425,False,0
-0.031830214051421356,0.18793051235495628,0.008062659875413526,-0.2633454469728725,False,1
-0.02807160380432223,-0.007305590052298805,0.002795750935956076,0.031869584301431886,False,0
-0.028217715605368208,0.1877761574160535,0.003433142621984714,-0.25992994359555405,False,1
-0.024462192457047137,-0.007394635088977558,-0.0017654562499263672,0.03383386183102127,False,0
-0.024610085158826688,-0.20249122461265284,-0.0010887790133059416,0.32595924618578187,False,0
-0.028659909651079743,-0.007353788507822118,0.0054304059104096965,0.03293316455460371,False,1
-0.028806985421236185,0.18768986916902688,0.006089069201501771,-0.258031476703483,False,1
-0.025053188037855646,-0.007518480953185275,0.000928439667432111,0.036565795509074905,False,0
-0.02520355765691935,0.18759014399543583,0.001659755577613609,-0.2558240545530986,False,1
-0.021451754777010633,-0.007555465193956418,-0.003456725513448363,0.0373819239581879,False,0
-0.02160286408088976,-0.20262767646493227,-0.0027090870342846053,0.3289722174080847,False,0
-0.025655417610188407,-0.007467263999558632,0.003870357313877089,0.03543620232955541,False,1
-0.025804762890179578,0.18759897212221102,0.004579081360468197,-0.25602307812614883,False,1
-0.02205278344773536,-0.007588056617843508,-0.0005413802020547793,0.03810064069540742,False,0
-0.022204544580092227,0.1875416538330705,0.0002206326118533691,-0.25475304785929936,False,1
-0.018453711503430816,-0.007583446916240993,-0.0048744283453326185,0.03799946212819216,False,0
-0.018605380441755637,-0.20263516057147207,-0.004114439102768775,0.32914048053030365,False,0
-0.022658083653185078,-0.00745487956301033,0.0024683705078372975,0.03516289542884843,False,1
-0.022807181244445286,0.18763158775950403,0.003171628416414266,-0.25674021388813234,False,1
-0.019054549489255206,-0.007535501337142703,-0.001963175861348381,0.03694140452668476,False,0
-0.01920525951599806,-0.20262924541072594,-0.0012243477708146855,0.32900428337758,False,0
-0.023257844424212578,-0.007489885969490295,0.005355737896736914,0.035935505450455096,False,1
-0.023407642143602383,0.1875548549864941,0.006074448005746016,-0.25505283059241535,False,1
-0.0196565450438725,0.3825895508177617,0.0009733913938977093,-0.5458136001980708,False,1
-0.012004754027517266,0.18745393619106715,-0.009942880610063706,-0.25282413990030433,False,0
-0.008255675303695923,-0.007524638631355524,-0.014999363408069791,0.03670610690360604,False,0
-0.008406168076323033,-0.2024283207404406,-0.014265241269997671,0.32461909598917715,False,0
-0.012454734491131846,-0.007106187516763701,-0.0077728593502141285,0.027471867574141107,False,1
-0.01259685824146712,-0.20211581269375956,-0.007223421998731307,0.31769227127376864,False,0
-0.016639174495342312,-0.006891727226919997,-0.0008695765732559336,0.022740115217015244,False,1
-0.016777009039880712,-0.20200119709559386,-0.00041477426891562867,0.3151485538887328,False,0
-0.02081703298179259,-0.006873340053106219,0.0058881968088590276,0.02233484987044626,False,1
-0.020954499782854717,0.18816367584259594,0.006334893806267953,-0.2684844825531846,False,1
-0.017191226266002797,-0.0070481058773878835,0.0009652041552042608,0.026189760853117694,False,0
-0.017332188383550554,-0.2021838855806277,0.0014889993722666146,0.31917706404139823,False,0
-0.021375866095163107,-0.007083172419892758,0.00787254065309458,0.026964084375061703,False,1
-0.02151752954356096,0.18792500097162282,0.008411822340595813,-0.26322460821379967,False,1
-0.017759029524128504,-0.007316002959493251,0.0031473301763198193,0.03209958308912919,False,0
-0.01790534958331837,0.18776067300901977,0.003789321838102403,-0.25958866804424,False,1
-0.014150136123137974,-0.007415167929484989,-0.0014024515227823975,0.03428704942874228,False,0
-0.014298439481727675,-0.20251697949816216,-0.000716710534207552,0.3265271583643056,False,0
-0.01834877907169092,-0.007384831490344551,0.005813832633078561,0.033618298649290335,False,1
-0.01849647570149781,0.18765326678407035,0.006486198606064367,-0.2572246473003166,False,1
-0.014743410365816403,-0.007560683792147221,0.0013417056600580355,0.03749704800346909,False,0
-0.014894624041659348,0.18754200156936413,0.0020916466201274173,-0.2547622552790327,False,1
-0.011143784010272065,-0.007609751919458507,-0.0030035984854532363,0.03857967827277603,False,0
-0.011295979048661234,-0.20268850298726,-0.0022320049199977157,0.3303134283061027,False,0
-0.015349749108406434,-0.007534850382874686,0.0043742636461243396,0.036927469666675594,False,1
-0.015500446116063929,0.1875241010213205,0.005112813039457852,-0.2543721288131432,False,1
-0.011749964095637519,0.3825726779776322,2.5370463194987827e-05,-0.5454380097185999,False,1
-0.004098510536084874,0.1874503702814273,-0.01088338973117701,-0.2527470893523084,False,0
-0.00034950313045632774,-0.007514498117649759,-0.01593833151822318,0.03648324007848375,False,0
-0.000499793092809323,-0.20240430751821054,-0.015208666716653505,0.3240951529348265,False,0
-0.004547879243173534,-0.0070691395777936206,-0.008726763657956976,0.026655111014811328,False,1
-0.0046892620347294064,-0.2020648620682703,-0.00819366143766075,0.3165719212412376,False,0
-0.008730559276094813,-0.006827167189429828,-0.0018622230128359967,0.021316299980905784,False,1
-0.008867102619883408,-0.20192236278825731,-0.001435897013217881,0.313411092705712,False,0
-0.012905549875648556,-0.0067799857754292925,0.004832324840896359,0.020275675368046864,False,1
-0.013041149591157142,0.18827233258027462,0.005237838348257296,-0.2708786881449826,False,1
-0.00927570293955165,-0.006923968739787123,-0.00017973541464235635,0.023451664876740275,False,0
-0.009414182314347392,-0.2020433419257046,0.00028929788289244914,0.3160778777165241,False,0
-0.013455049152861484,-0.006925512658412153,0.006610855437222932,0.02348619963950538,False,1
-0.013593559406029727,0.18810101189082828,0.00708057943001304,-0.2671036173729255,False,1
-0.00983153916821316,-0.007121272832709136,0.0017385070825545303,0.02780414215728705,False,0
-0.009973964624867344,0.18797570386653872,0.0022945899257002713,-0.26432975982006146,False,1
-0.00621445054753657,-0.007178923417855337,-0.002992005270700958,0.029076019315283808,False,0
-0.006358029015893676,-0.2022578398446856,-0.002410484884395282,0.3208134359455475,False,0
-0.010403185812787388,-0.00710164388850032,0.004005783834515668,0.027371310598279575,False,1
-0.010545218690557395,0.187962633043536,0.00455321004648126,-0.2640450599596529,False,1
-0.006785966029686674,-0.007224011176266032,-0.000727691152711798,0.030070510587170696,False,0
-0.006930446253211995,-0.2023355193255027,-0.00012628094096838404,0.32252375414231993,False,0
-0.010977156639722048,-0.007211770095747139,0.0063241941418780145,0.029801006034851196,False,1
-0.011121392041636992,0.18781892007393844,0.006920214262575038,-0.26087987830298043,False,1
-0.0073650136401582226,-0.007401130429922909,0.0017026166965154292,0.03397771251194609,False,0
-0.007513036248756681,0.18769636335637405,0.002382170946754351,-0.25816753492405403,False,1
-0.0037591089816292,-0.007459515617798007,-0.00278117975172673,0.035265810539627906,False,0
-0.0039082992939851605,-0.20254147381906634,-0.002075863540934172,0.32706995033587904,False,0
-0.007959128770366489,-0.007390029945392201,0.00446553546578341,0.03373311179376104,False,1
-0.008106929369274332,0.18766760016314657,0.0051401977016586305,-0.25753755307609155,False,1
-0.004353577366011401,-0.007527357740081758,-1.0553359863200822e-05,0.03676222722968586,False,0
-0.004504124520813036,0.1875947448145501,0.0007246911847305164,-0.2559240292737631,False,1
-0.0007522296245220336,-0.007537545727484052,-0.004393789400744747,0.036987388869664184,False,0
-0.0009029805390717146,-0.20259621471642855,-0.003654041623351463,0.3282807981680973,False,0
-0.004954904833400286,-0.007422434522895427,0.002911574340010483,0.03444779650219859,False,1
-0.005103353523858194,0.18765764306104465,0.0036005302700544547,-0.25731507791889585,False,1
-0.0013502006626373011,-0.0075155268704437395,-0.0015457712883234628,0.03650133295050678,False,0
-0.001500511200046176,0.18762855680891363,-0.0008157446293133271,-0.25666889943713134,False,1
0.002252059936132097,-0.00748173837361224,-0.005949122618055954,0.03575661706669969,False,0
0.0021024251686598524,-0.20251787483052694,-0.0052339902767219604,0.3265566129866757,False,0
-0.0019479323279506869,-0.007321797699011812,0.001297141983011554,0.03222772166144411,False,1
-0.002094368281930923,0.18778152792124686,0.0019416964162404363,-0.26004566092559395,False,1
0.001661262276494014,-0.0073680880589318265,-0.003259216802271443,0.033249069619902816,False,0
0.0015139005153153775,-0.20244314956344328,-0.0025942354098733864,0.3249018996968298,False,0
-0.0025349624759534884,-0.007284356654181479,0.0039038025840632097,0.03140199104979308,False,1
-0.002680649609037118,0.18778139513142925,0.004531842405059071,-0.2600466920329397,False,1
0.001074978293591467,-0.007404956148944958,-0.0006690914355997231,0.03406218550551543,False,0
0.0009268791706125678,0.18772658366869568,1.215227451058557e-05,-0.2588317715704808,False,1
0.004681410843986482,-0.007395541035837033,-0.00516448315689903,0.033854988233412875,False,0
0.004533500023269741,-0.20244305244938984,-0.004487383392230773,0.32490400235007344,False,0
0.0004846389742819441,-0.007257496180273604,0.0020106966547706953,0.030809329433331478,False,1
0.000339489050676472,0.18783556293373227,0.002626883243437325,-0.261238523263249,False,1
0.004096200309351117,-0.007323788023174821,-0.0025978872218276544,0.032271795932942104,False,0
0.003949724548887621,-0.20240838820687299,-0.0019524513031688123,0.32413393075284225,False,0
-9.844321524983893e-05,-0.007258690609662111,0.004530227311888033,0.03083592198107643,False,1
-0.00024361702744308116,0.18779800270129549,0.005146945751509562,-0.2604142333610425,False,1
0.0035123430265828286,-0.007397043063677611,-6.133891571128824e-05,0.033887652473508056,False,0
0.0033644021653092765,0.1877257877232083,0.0006164141337588729,-0.2588146267974219,False,1
0.007118917919773442,-0.007404958066286688,-0.004559878402189565,0.034062662023327916,False,0
0.0069708187584477084,-0.20246122326771832,-0.003878625161723007,0.3253034184470123,False,0
0.0029215942930933417,-0.0072842627205534916,0.0026274432072172396,0.03139986682763962,False,1
0.002775909038682272,0.187799911276246,0.003255440543770032,-0.2604529166874793,False,1
0.006531907264207193,-0.007368360602513502,-0.001953617789979553,0.03325503768199323,False,0
0.006384540052156922,0.18778155167748414,-0.0012885170363396885,-0.2600436353929251,False,1
0.010140171085706605,-0.0073219816484480504,-0.00648938974419819,0.0322325977478406,False,0
0.009993731452737645,-0.20235027376514386,-0.005844737789241378,0.32286100895071596,False,0
0.005946725977434768,-0.007145584673871691,0.0006124823897729415,0.02834063345760368,False,1
0.005803814283957333,0.1879675777783574,0.0011792950589250152,-0.26414898551412186,False,1
0.009563165839524481,-0.007171186106890132,-0.004103684651357422,0.028905669440732362,False,0
0.009419742117386679,-0.2022340481315747,-0.0035255712625427748,0.3202910189026951,False,0
0.005375061154755185,-0.007062065838722487,0.002880249115511128,0.02649834909757448,False,1
0.005233819837980735,0.1880184621790427,0.0034102160974626176,-0.2652744370938618,False,1
0.008994189081561589,-0.007151995947005219,-0.001895272644414618,0.028482149374267074,False,0
0.008851149162621485,-0.20224671647094863,-0.0013256296569292764,0.3205664947427484,False,0
0.004806214833202512,-0.007105911799063558,0.005085700237925692,0.02746580991971448,False,1
0.004664096597221241,0.18794273890812924,0.0056350164363199815,-0.2636081931201741,False,1
0.008422951375383826,-0.007259189430742802,0.0003628525739164997,0.030846736719926382,False,0
0.00827776758676897,0.18785755640943685,0.0009797873083150273,-0.2617216841188585,False,1
0.012034918714957708,-0.0072783672012787515,-0.004254646374062142,0.03127011822438053,False,0
0.011889351370932133,-0.2023390469969608,-0.0036292440095745315,0.32260762741816085,False,0
0.007842570430992919,-0.0071656041668393955,0.0028229085387886854,0.028782395806739303,False,1
0.007699258347656131,0.18791575116126158,0.0033985564549234713,-0.2630085372529739,False,1
0.011457573370881362,-0.007254545655614314,-0.001861614290136007,0.03074439095835274,False,0
0.011312482457769077,0.18789405257280606,-0.001246726470968952,-0.26252531343822166,False,1
0.015070363509225198,-0.007210080421830023,-0.006497232739733386,0.029764121124549514,False,0
0.014926161900788599,-0.20223825765276712,-0.005901950317242396,0.32039003931214,False,0
0.010881396747733255,-0.007032754373971689,0.000505850469000404,0.0258517207569518,False,1
0.010740741660253822,0.1880819388874189,0.00102288488413944,-0.2666715616584432,False,1
0.0145023804380022,-0.00705459608177042,-0.004310546349029424,0.026333815771285407,False,0
0.014361288516366791,-0.20211446624441815,-0.0037838700336037152,0.317653606039662,False,0
0.01031899919147843,-0.006938826274663912,0.0025692020871895243,0.02377978679294268,False,1
0.010180222665985152,0.18814618618365422,0.003044797823048378,-0.2680914215246426,False,1
0.013943146389658236,-0.00701908573153201,-0.0023170306074444744,0.025550298523262904,False,0
0.013802764675027597,-0.20210773230011156,-0.0018060246369792162,0.3175012764682269,False,0
0.009760610029025365,-0.006960104294542774,0.004544000892385321,0.024249340893540194,False,1
0.00962140794313451,0.1880963881120627,0.005028987710256125,-0.26699644541992384,False,1
0.013383335705375764,-0.007096973968014092,-0.0003109411981423518,0.02726841142755143,False,0
0.013241396226015483,0.18802943499704572,0.00023442703040867682,-0.2655126045815551,False,1
0.017001984925956396,-0.007095861341084447,-0.0050758250612224255,0.02724425342946496,False,0
0.016860067699134708,-0.2021446550299994,-0.004530939992633126,0.3183213888829778,False,0
0.012817174598534719,-0.00695846550105908,0.0018354877850264295,0.024213018078487303,False,1
0.012678005288513537,0.18813711515289847,0.0023197481465961757,-0.2678902268367821,False,1
0.016440747591571506,-0.007017865272002655,-0.0030380563901394662,0.02552346151375956,False,0
0.016300390286131453,-0.20209611677015876,-0.002527587159864275,0.31724630115934277,False,0
0.012258467950728278,-0.006938255820320344,0.003817338863322581,0.023767335003647083,False,1
0.012119702834321872,0.18812874382007422,0.004292685563395523,-0.2677087376610583,False,1
0.015882277710723355,-0.007054206723566103,-0.0010614891898256427,0.026325036339155894,False,0
0.015741193576252033,-0.20216091927808721,-0.0005349884630425248,0.31867286252902316,False,0
0.01169797519069029,-0.007031352633298016,0.005838468787537939,0.02582126784762029,False,1
0.011557348138024328,0.188006385638141,0.006354894144490345,-0.2650138532085991,False,1
0.01531747585078715,-0.0072056893398572686,0.001054617080318363,0.029666672898599866,False,0
0.015173362063990004,0.18790112216601065,0.0016479505382903602,-0.26268332424521706,False,1
0.018931384507310217,-0.007244313315991929,-0.003605715946613981,0.030518928743497598,False,0
0.01878649824099038,-0.20231437144624828,-0.002995337371744029,0.32206203564288854,False,0
0.014740210812065413,-0.007149894195744438,0.003445903341113742,0.0284360051641947,False,1
0.014597212928150525,0.18792247134921902,0.004014623444397636,-0.2631577123241357,False,1
0.018355662355134906,-0.007256553413163808,-0.0012485308020850783,0.030788761640004214,False,0
0.01821053128687163,0.18788328013411695,-0.0006327555692849941,-0.26228782849914584,False,1
0.021968196889553968,-0.007229633199569846,-0.00587851213926791,0.03019545278700614,False,0
0.021823604225562572,-0.2022667919672925,-0.005274603083527787,0.32101786342778,False,0
0.01777826838621672,-0.007070124285586038,0.001145754185027813,0.026676208768760312,False,1
0.017636865900505002,0.1880353772111703,0.0016792783604030193,-0.2656449997257491,False,1
0.02139757344472841,-0.007110501394197916,-0.0036336216341119635,0.027567113058324932,False,0
0.02125536341684445,-0.2021801558609989,-0.0030822793729454647,0.3191013806923681,False,0
0.01721176029962447,-0.007014442394249726,0.0032997482409018973,0.025448012411375898,False,1
0.017071471451739477,0.18806003261812837,0.0038087084891294154,-0.26619198285864,False,1
0.020832672104102043,-0.007116070066015612,-0.0015151311680433846,0.0276898053021728,False,0
0.020690350702781732,0.18802757640638504,-0.0009613350619999286,-0.26547077681736414,False,1
0.024450902230909434,-0.00708064077381565,-0.0062707505983472115,0.026908781254098568,False,0
0.02430928941543312,-0.2021121058948877,-0.00573257497326524,0.31760663854481014,False,0
0.020267047297535368,-0.006908976496589808,0.0006195577976309628,0.0231213877577659,False,1
0.020128867767603573,0.18820408420275891,0.0010819855527862809,-0.26936599713952447,False,1
0.023892949451658752,-0.006933290953377691,-0.004305334390004209,0.0236579979507186,False,0
0.0237542836325912,-0.20199323593578675,-0.0038321744309898365,0.3149794393188745,False,0
0.019714418913875466,-0.006816906915114301,0.0024674143553876536,0.021090438965520986,False,1
0.01957808077557318,0.18826957228044802,0.0028892231346980732,-0.2708129699594538,False,1
-0.021036770591535095,-0.03408300755944005,-0.015433315304745676,-0.035428549672929834,True,0
-0.021718430742723897,-0.2289802800302449,-0.01614188629820427,0.25234532861768255,False,0
-0.026298036343328793,-0.033631597599167506,-0.01109497972585062,-0.045385029229449314,False,1
-0.026970668295312143,-0.22859270994210265,-0.012002680310439606,0.2437767827764683,False,0
-0.03154252249415419,-0.03330139364891324,-0.00712714465491024,-0.052667794314612104,False,1
-0.03220855036713246,-0.22832042909965564,-0.008180500541202482,0.23775796643580077,False,0
-0.03677495894912557,-0.03308256990125674,-0.003425341212486467,-0.05749406367648069,False,1
-0.037436610347150706,-0.22815524067477214,-0.004575222486016081,0.23410617755304242,False,0
-0.04199971516064615,-0.03296821857434426,0.00010690106504476771,-0.06001640198323682,False,1
-0.042659079532133035,-0.2280917023727364,-0.0010934269746199687,0.23270025095503505,False,0
-0.04722091357958776,-0.032954144658021434,0.0035605780444807325,-0.060327378106242446,False,1
-0.04787999647274819,-0.22812696565454202,0.0023540304823558835,0.2334768053645196,False,0
-0.05244253578583903,-0.03303872846351502,0.007023566589646276,-0.05846265529460032,False,1
-0.05310331035510933,-0.2282606765222921,0.005854313483754269,0.2364279556279112,False,0
-0.05766852388555517,-0.03322285265130667,0.010582872596312493,-0.054402608463731794,False,1
-0.0583329809385813,-0.22849493568336712,0.009494820427037858,0.24160042025994738,False,0
-0.06290287965224864,-0.033509891377936474,0.014326828832236805,-0.04807252737172535,False,1
-0.06357307747980737,-0.22883431652065273,0.013365378284802299,0.24909598551147888,False,0
-0.06814976381022042,-0.03390576021124439,0.018347297995031875,-0.039341429558394314,False,1
-0.06882787901444531,-0.2292859399204125,0.01756046940386399,0.25907331722734395,False,0
-0.07341359781285356,-0.03441902638508432,0.02274193574841087,-0.028019473220884772,False,1
-0.07410197834055525,-0.229859605484871,0.022181546283993173,0.271751140719845,False,0
-0.07869917045025267,-0.035061079665970635,0.027616569098390074,-0.013853927387249887,False,1
-0.07940039204357208,-0.23056797880042965,0.027339490550645076,0.2874128365634706,False,0
-0.08401175161958067,-0.03584636440933392,0.033087747281914485,0.003476375303427426,False,1
-0.08472867890776735,0.15878582098897495,0.03315727478798303,-0.27858608222848813,False,1
-0.08155296248798785,-0.03679306806929428,0.02758555314341327,0.02436745352115377,False,0
-0.08228882384937374,0.1579226435363863,0.028072902213836345,-0.2594858683068833,False,1
-0.079130370978646,-0.03758858761863812,0.02288318484769868,0.041917775218893505,False,0
-0.07988214273101876,0.15719787705274593,0.02372154035207655,-0.24345835740082616,False,1
-0.07673818518996384,-0.03825473050172662,0.018852373204060028,0.056611549040951836,False,0
-0.07750327979999837,0.15659190656334995,0.019984604184879066,-0.2300642005635654,False,1
-0.07437144166873137,-0.03880983539937319,0.015383320173607759,0.06885496656498924,False,0
-0.07514763837671884,0.15608822794087343,0.016760419504907545,-0.2189350199102585,False,1
-0.07202587381790138,-0.039269248369319415,0.012381719106702375,0.07898736950951957,False,0
-0.07281125878528777,0.15567303772074473,0.013961466496892767,-0.20976351299772,False,1
-0.06969779803087288,0.3505926065253666,0.009766196236938366,-0.4980098332008888,False,1
-0.06268594590036555,0.15533432835132388,-0.00019400042707940976,-0.20226516737203287,False,0
-0.059579259333339074,-0.03978484782410832,-0.004239303774520068,0.09035655525825859,False,0
-0.060374956289821244,0.15539761005643865,-0.002432172669354896,-0.20366085232310732,False,1
-0.05726700408869247,-0.03968947436460077,-0.006505389715817042,0.08825385072611902,False,0
-0.05806079357598449,0.15552511710720932,-0.004740312701294662,-0.2064744114647053,False,1
-0.0549502912338403,-0.03952872856461312,-0.008869800930588768,0.08470942310683893,False,0
-0.055740865805132565,-0.23452242015512612,-0.0071756124684519895,0.37458076767942916,False,0
-0.06043131420823509,-0.03929928142911912,0.0003160028851365935,0.07964398654003801,False,1
-0.06121729983681747,0.15581813837678915,0.0019088826159373538,-0.21293922370913998,False,1
-0.05810093706928169,-0.03933105247189267,-0.002349901858245446,0.08034524039403063,False,0
-0.05888755811871954,0.155824506002852,-0.0007429970503648332,-0.21307815958653026,False,1
-0.0557710679986625,-0.03928681458533592,-0.005004560242095439,0.07937029940043061,False,0
-0.05655680429036922,-0.2343366675968311,-0.0034171542540868266,0.37047008049706553,False,0
-0.06124353764230584,-0.03916633407903053,0.003992247355854484,0.07671164806786623,False,1
-0.06202686432388645,0.15589815851685088,0.005526480317211808,-0.21470904151511955,False,1
-0.05890890115354944,-0.03930236412309002,0.0012322994869094174,0.07971204804021942,False,0
-0.05969494843601124,0.15580190009651015,0.002826540447713806,-0.21258183012330745,False,1
-0.05657891043408104,-0.03936034892620896,-0.0014250961547523427,0.08099137578481158,False,0
-0.057366117412605215,0.1557820021113409,0.000194731360943889,-0.21214083166343212,False,1
-0.0542504773703784,-0.039342732749494486,-0.004048085272324753,0.08060351609818489,False,0
-0.05503733202536829,0.15583701361536015,-0.002436014950361055,-0.2133538384649235,False,1
-0.05192059175306109,-0.03925002519738244,-0.006703091719659525,0.07855966380797397,False,0
-0.052705592257008736,-0.23427524634318364,-0.005131898443500046,0.36912022927065624,False,0
-0.057391097183872405,-0.03908075579151249,0.0022505061419130787,0.07482357745236329,False,1
-0.05817271229970265,0.1560088599789507,0.003746977690960345,-0.21714845689225898,False,1
-0.05505253510012364,-0.0391664550041326,-0.0005959914468848353,0.07671406927526125,False,0
-0.05583586420020629,0.15596403510942414,0.0009382899386203899,-0.21615683538647418,False,1
-0.052716583498017805,-0.039171317211503076,-0.0033848467691090936,0.07682192145028544,False,0
-0.05350000984224787,0.1559989941878918,-0.0018484083401033849,-0.2169270116231058,False,1
-0.05038002995849004,-0.03909648429798049,-0.0061869485725655005,0.0751722744389357,False,0
-0.051161959644449646,-0.234129195742765,-0.004683503083786787,0.36589679120284097,False,0
-0.055844543559304946,-0.03894100222890148,0.0026344327402700327,0.07174076717269562,False,1
-0.056623363603882974,0.1561430817048875,0.0040692480837239454,-0.22010982095166437,False,1
-0.05350050196978522,-0.03903679902148682,-0.00033294833530934237,0.07385393182062794,False,0
-0.05428123795021496,0.15608992380956774,0.0011441303011032165,-0.21893402301170622,False,1
-0.051159439474023606,-0.03904836370457129,-0.003234550159130908,0.0741095909126489,False,0
-0.05194040674811503,-0.23412379505984912,-0.0017523583408779301,0.3657702511528986,False,0
-0.05662288264931201,-0.03897698508222169,0.005563046682180042,0.07253529253452451,False,1
-0.057402422350956446,0.15606477245023812,0.007013752532870532,-0.21838728944782526,False,1
-0.054281126901951686,-0.03915673391832461,0.002646006743914027,0.07649979386464845,False,0
-0.05506426158031818,0.15592718503661337,0.004176002621206995,-0.2153471351050567,False,1
-0.05194571787958591,-0.03925421748506441,-0.000130940080894139,0.0786501570573177,False,0
-0.0527308022292872,0.15586961057179655,0.001442063060252215,-0.21407407890255342,False,1
-0.04961341001785127,-0.03927292774586405,-0.002839418517798853,0.07906339061086676,False,0
-0.050398868572768554,0.15588961222444153,-0.0012581507055815179,-0.21451402717405182,False,1
-0.04728107632827972,-0.039214329177176016,-0.005548431249062555,0.07777175708970885,False,0
-0.04806536291182324,-0.23425630280600476,-0.003992996107268378,0.36869898383847083,False,0
-0.052750488967943335,-0.039077844051637584,0.003380983569501039,0.07475969191446719,False,1
-0.053532045848976084,0.15599547455838608,0.004876177407790383,-0.21685460630685954,False,1
-0.05041213635780836,-0.03919584377064819,0.000539085281653192,0.07736248085684189,False,0
-0.05119605323322133,0.15591837517724627,0.00208633489879003,-0.21515031397283368,False,1
-0.048077685729676405,0.3510104374719575,-0.002216671380666644,-0.5071743885033073,False,1
-0.041057476980237255,0.15591979032364042,-0.01236015915073279,-0.21519083758548657,False,0
-0.03793908117376445,-0.03902329549757996,-0.01666397590244252,0.073567660558499,False,0
-0.03871954708371605,-0.233902433828478,-0.01519262269127254,0.3609468001053733,False,0
-0.04339759576028561,-0.038567861419837424,-0.007973686689165075,0.06351229632383448,False,1
-0.044168952988682356,-0.23357458734441436,-0.006703440762688384,0.3536688473656933,False,0
-0.04884044473557064,-0.0383579617394425,0.00036993618462548197,0.058879691317440086,False,1
-0.049607603970359494,-0.23348521517957757,0.0015475300109742836,0.3516793126856617,False,0
-0.054277308273951046,-0.03838530522988243,0.008581116264687518,0.05948477182881445,False,1
-0.055045014378548696,0.15661256527231562,0.009770811701263808,-0.23047844768801,False,1
-0.051912763073102386,-0.0386476344556084,0.0051612427475036075,0.06527044401088711,False,0
-0.052685715762214556,0.1563999395818465,0.006466651627721349,-0.22577962160267478,False,1
-0.04955771697057763,-0.03881383138419833,0.0019510591956678532,0.06893609466964579,False,0
-0.050333993598261594,0.15628009356766415,0.0033297810890607687,-0.22313062473063844,False,1
-0.047208391726908314,-0.03888929115983755,-0.001132831405552,0.07060078324633973,False,0
-0.047986177550105064,0.15624888267352374,0.0002791842593747947,-0.2224393420490825,False,1
-0.04486119989663459,-0.038877057866870346,-0.004169602581606856,0.07033163752604821,False,0
-0.045638741053972,-0.23393898355861642,-0.0027629698310858916,0.36169612301104725,False,0
-0.050317520725144324,-0.03877786917030018,0.004470952629135053,0.06814325672635108,False,1
-0.05109307810855033,0.15627969785742662,0.005833817763662074,-0.22312571381101048,False,1
-0.0479674841514018,-0.038925147492634565,0.0013713034874418646,0.07139170430426334,False,0
-0.04874598710125449,0.1561771172262947,0.0027991375735271313,-0.22085825451177904,False,1
-0.045622444756728595,-0.038984732418609364,-0.0016180275167084496,0.07270631848341763,False,0
-0.04640213940510078,0.15616037791588355,-0.00016390114704009705,-0.2204866637314195,False,1
-0.04327893184678311,-0.038959230111444754,-0.0045736344216684875,0.07214455744134968,False,0
-0.044058116449012,-0.23401531430948286,-0.003130743272841494,0.3633809797550267,False,0
-0.04873842273520166,-0.03884900723118437,0.00413687632225904,0.06971251681755364,False,1
-0.049515402879825345,0.15621339115824143,0.0055311266586101126,-0.22166233891427145,False,1
-0.04639113505666052,-0.03898718079683636,0.0010978798803246833,0.07276018309449878,False,0
-0.04717087867259724,0.15611901369414646,0.002553083542214659,-0.21957615564501104,False,1
-0.04404849839871431,-0.0390393391498941,-0.001838439570685562,0.0739110253014525,False,0
-0.04482928518171219,0.15610891986446737,-0.0003602190646565121,-0.21935136946918682,False,1
-0.04170710678442284,-0.03900788034364175,-0.004747246454040248,0.073217907451817,False,0
-0.04248726439129567,-0.23406145331207173,-0.0032828883050039083,0.3643992848489241,False,0
-0.04716849345753711,-0.03889300020635991,0.0040050973919745735,0.07068301531079851,False,1
-0.04794635346166431,0.1561713032422488,0.005418757698190543,-0.2207335976386548,False,1
-0.04482292739681933,-0.03902768240983115,0.0010040857454174474,0.07365368910549769,False,0
-0.04560348104501596,0.15607985968149926,0.002477159527527401,-0.2187122753431217,False,1
-0.042481883851385974,-0.03907741425534855,-0.0018970859793350334,0.07475102155835756,False,0
-0.043263432136492946,0.15607168215636716,-0.00040206554816788224,-0.21852983925603547,False,1
-0.040141998493365603,-0.039044519279923,-0.004772662333288592,0.07402623197404196,False,0
-0.040922888878964066,-0.23409772499848894,-0.0032921376938077522,0.3651995509230005,False,0
-0.04560484337893384,-0.03892914318798399,0.0040118533246522575,0.07148037792497486,False,1
-0.04638342624269352,0.15613506307744932,0.005441460883151754,-0.2199340950988583,False,1
-0.043260724981144534,-0.03906424542125486,0.001042778981174588,0.07446031444978768,False,0
-0.04404200988956963,0.15604274094931933,0.0025319852701703414,-0.21789342902343672,False,1
-0.04092115507058325,-0.03911531366155244,-0.0018258833102983933,0.07558711740610247,False,0
-0.041703461343814294,0.15603276555645992,-0.0003141409621763439,-0.21767132287020774,False,1
-0.038582806032685095,-0.039084693534545384,-0.004667567419580499,0.07491249388363141,False,0
-0.039364499903376,0.1561038597552555,-0.0031693175419078706,-0.21923940658494706,False,1
-0.0362424227082709,-0.038972644362772924,-0.007554105673606812,0.07244210220065239,False,0
-0.03702187559552635,-0.23398548719785772,-0.006105263629593764,0.3627321343127551,False,0
-0.04170158533948351,-0.03877729584029069,0.0011493790566613378,0.068130368081532,False,1
-0.042477131256289324,0.15632815796141872,0.002511986418291978,-0.22418970194150162,False,1
-0.03935056809706095,-0.03882960538571473,-0.0019718076205380544,0.0692845427147672,False,0
-0.04012716020477525,0.15632055961472424,-0.0005861167662427106,-0.22401984678927545,False,1
-0.037000749012480766,-0.038793009626856806,-0.00506651370202822,0.06847813848274603,False,0
-0.0377766092050179,-0.23384195769791646,-0.0036969509323732993,0.3595582568260012,False,0
-0.04245344835897623,-0.42891116092589543,0.0034942142041467245,0.6510731609986139,False,0
-0.051031671577494137,-0.2338380506625053,0.016515677424119003,0.359492578800927,False,1
-0.05570843259074424,-0.038954722354068355,0.023705529000137542,0.0720628422490246,False,1
-0.056487527037825606,0.1558194970165652,0.025146785845118036,-0.2130476275169767,False,1
-0.0533711370974943,-0.039652787799728306,0.0208858332947785,0.08746047370209492,False,0
-0.05416419285348887,0.15516365563714737,0.022635042768820397,-0.19856046836556202,False,1
-0.05106091974074592,-0.0402746083093137,0.018663833401509157,0.10117596621164027,False,0
-0.05186641190693219,0.15457495897684312,0.020687352725741962,-0.1855606325046943,False,1
-0.04877491272739533,-0.040836781242225784,0.016976140075648075,0.11357590568208686,False,0
-0.049591648352239844,0.15403785875897957,0.019247658189289814,-0.17370318927613132,False,1
-0.046510891177060254,-0.04135420133702228,0.015773594403767188,0.1249890741364032,False,0
-0.0473379752038007,0.15353826358654254,0.018273375886495254,-0.1626760116978232,False,1
-0.044267209932069854,-0.041840451356464164,0.015019855652538789,0.13571520550848987,False,0
-0.04510401895919914,0.15306317839728664,0.017734159762708587,-0.15219159109219393,False,1
-0.042042755391253406,-0.042308157121631884,0.014690327940864709,0.1460328998001641,False,0
-0.042888918533686045,0.1526003717212006,0.017610985936867992,-0.14197954617397052,False,1
-0.03983691109926203,-0.04276931506415174,0.014771395013388582,0.15620690244446728,False,0
-0.040692297400545065,0.15213806362285995,0.017895533062277928,-0.13177963822726785,False,1
-0.037649536128087864,-0.04323560007334026,0.01525994029773257,0.16649493814587563,False,0
-0.03851424812955467,0.15166462728563418,0.018589839060650083,-0.12133511603115149,False,1
-0.03548095558384198,-0.04371866102952918,0.01616313674002705,0.17715427507004505,False,0
-0.03635532880443257,0.1511682973266332,0.019706222241427953,-0.11038622277386506,False,1
-0.033331962857899904,0.3460024044426705,0.017498497785950654,-0.39678738521062384,False,1
-0.026411914769046495,0.15063661468102607,0.009562750081738177,-0.09863926898831182,False,0
-0.023399182475425974,-0.044621074770789054,0.00758996470197194,0.197045279287615,False,0
-0.024291603970841756,0.15039149493316603,0.01153087028772424,-0.09323372146171072,False,1
-0.021283774072178435,0.3453462924397209,0.009666195858490026,-0.3822564761623116,False,1
-0.014376848223384017,0.1500884352988818,0.002021066335243794,-0.0865415560055125,False,0
-0.011375079517406381,-0.04506242779630934,0.0002902352151335438,0.20677833388463712,False,0
-0.012276328073332569,0.1500553719300735,0.004425801892826286,-0.08581302422585851,False,1
-0.009275220634731098,-0.04512973939362916,0.002709541408309116,0.20826295684916152,False,0
-0.010177815422603681,0.14995336308605264,0.006874800545292346,-0.08356401850298179,False,1
-0.007178748160882628,0.3449760951180827,0.005203520175232711,-0.3740700281367652,False,1
-0.0002792262585209742,0.1497806162303356,-0.0022778803875025937,-0.07975094569414615,False,0
0.0027163860660857375,-0.04530860703017808,-0.0038728993013855168,0.2122124337418691,False,0
0.0018102139254821759,0.1498685023109492,0.00037134937345186534,-0.08168966417353368,False,1
0.0048075839717011595,-0.04525877021499217,-0.0012624439100188084,0.21111040114757373,False,0
0.003902408567401316,0.14988120863003215,0.0029597641129326664,-0.08197049227555292,False,1
0.006900032740001959,-0.045283045190201904,0.001320354267421608,0.2116447755755086,False,0
0.005994371836197922,0.14982000305211432,0.00555324977893178,-0.08062135764863332,False,1
0.008990771897240207,0.3448619092909556,0.003940822625959114,-0.37154705886290657,False,1
0.01588801008305932,0.149684194031091,-0.003490118551299018,-0.07762416046158077,False,0
0.01888169396368114,-0.04538755083987345,-0.005042601760530634,0.21395558195963643,False,0
0.017973942946883672,0.14980612906928661,-0.0007634901213379054,-0.08031373403254577,False,1
0.020970065528269403,-0.04530486907149378,-0.0023697648019888207,0.21212821180460073,False,0
0.020063968146839528,0.1498508836898638,0.001872799434103194,-0.08130130557291532,False,1
0.023060985820636804,-0.04529786399191879,0.00024677332264488763,0.21197190531639554,False,0
0.022155028540798427,0.1498205580853344,0.004486211428972799,-0.08063316753175753,False,1
0.025151439702505114,0.34487791254002753,0.002873548078337648,-0.3718973131759784,False,1
0.032048997953305666,0.14971525631749333,-0.00456439818518192,-0.07830971550328275,False,0
0.03504330307965553,-0.04534096562418069,-0.006130592495247575,0.21292964119603702,False,0
0.03413648376717192,0.14986809705624918,-0.0018719996713268345,-0.08168083316809954,False,1
0.0371338457082969,-0.04522696917020902,-0.0035056163346888253,0.21041088582397593,False,0
0.03622930632489272,0.14994493038648135,0.0007026013817906939,-0.08337581370306119,False,1
-0.01954750773273324,0.043631164634459985,-0.029999546542392497,0.014141228205829026,True,0
-0.018674884440044042,-0.15104799702390964,-0.029716721978275917,0.29721003228353454,False,0
-0.021695844380522234,0.04448469323217433,-0.023772521332605226,-0.004694939294921818,False,1
-0.02080615051587875,-0.15028840160732768,-0.02386642011850366,0.280393689364606,False,0
-0.0238119185480253,0.04516572390246121,-0.01825854633121154,-0.01972006538558857,False,1
-0.022908604069976076,-0.14968968553288559,-0.018652947638923313,0.26714661588374794,False,0
-0.025902397780633787,0.045693441960677955,-0.013310015321248354,-0.03136074033940717,False,1
-0.02498852894142023,-0.14923513282947523,-0.013937230128036496,0.25709319361335065,False,0
-0.027973231598009733,0.04608299816658856,-0.008795366255769484,-0.03995296146425281,False,1
-0.027051571634677963,-0.1489117311166402,-0.00959442548505454,0.24994201482352213,False,0
-0.030029806257010766,0.04634590988111201,-0.004595585188584097,-0.045751684053957464,False,1
-0.029102888059388526,-0.148709842812534,-0.005510618869663247,0.2454777581064257,False,0
-0.03207708491563921,0.046490379455971675,-0.0006010637075347328,-0.048938243333392806,False,1
-0.031147277326519774,-0.148622947879044,-0.001579828574202589,0.24355498208220439,False,0
-0.03411973628410066,0.04652153329031958,0.0032912710674414987,-0.0496258437897909,False,1
-0.033189305618294265,-0.14864745662996637,0.0022987541916456807,0.2440936874179474,False,0
-0.036162254750893595,0.04644158539777862,0.007180627940004628,-0.047863269309380285,False,1
-0.03523342304293802,-0.1487825904195833,0.006223362553817022,0.24707653139514185,False,0
-0.03820907485132969,0.046249928926389655,0.01116489318171986,-0.04363692561941407,False,1
-0.0372840762728019,-0.14903032805899377,0.01029215466933158,0.25254761347616517,False,0
-0.040264682833981776,0.04594315827982323,0.015343106938854881,-0.03687128618802682,False,1
-0.03934581966838531,-0.1493954161852022,0.014605681215094346,0.26061278401668836,False,0
-0.04233372799208936,0.04551502357161674,0.019817936895428115,-0.02742777397958651,False,1
-0.04142342752065702,0.24034724720404718,0.019269381415836385,-0.3137926288857711,False,1
-0.03661648257657608,0.04495617215640693,0.012993528838120962,-0.015095579935128556,False,0
-0.03571735913344794,0.23988939303854442,0.012691617239418392,-0.30365073842490775,False,1
-0.030919571272677047,0.04458888835646052,0.006618602470920236,-0.006992339624276589,False,0
-0.030027793505547837,0.23961529710760934,0.006478755678434704,-0.2975796903743416,False,1
-0.02523548756339565,0.04440159292034224,0.0005271618709478719,-0.0028605386928678977,False,0
-0.024347455704988807,-0.15072791459846024,0.000469951097090514,0.2899886674984024,False,0
-0.027362013996958014,0.04438733223840599,0.006269724447058562,-0.0025460048204467567,False,1
-0.026474267352189895,0.2394188078683199,0.006218804350649627,-0.29324418143895814,False,1
-0.021685891194823496,0.04420874630753452,0.0003539207218704642,0.0013935655186589346,False,0
-0.020801716268672808,-0.1509182788635589,0.0003817920322436429,0.29418813763416646,False,0
-0.023820081845943985,0.04419822705586249,0.006265554784926973,0.001625646940677683,False,1
-0.022936117304826736,0.23922976320234007,0.006298067723740527,-0.289073853952847,False,1
-0.018151522040779935,0.04401857088019767,0.000516590644683586,0.005588746834178371,False,0
-0.017271150623175982,0.23913310964098167,0.0006283655813671534,-0.28693114461215474,False,1
-0.012488488430356348,0.04400220285059511,-0.005110257310875941,0.005949897257592818,False,0
-0.011608444373344446,-0.1510460885514439,-0.004991259365724085,0.2970161050336869,False,0
-0.014629366144373325,0.04414665805272017,0.0009490627349496529,0.0027632080386432167,False,1
-0.013746432983318922,0.2392549854801104,0.0010043268957225173,-0.2896201268967735,False,1
-0.008961333273716714,0.04411872734298075,-0.004788075642212954,0.0033793847452019965,False,0
-0.0080789587268571,-0.15093422977125057,-0.004720487947308914,0.2945477777733065,False,0
-0.011097643322282112,0.04425470134999657,0.0011704676081572152,0.00037982483017034996,False,1
-0.01021254929528218,0.23935984680861183,0.0011780641047606222,-0.2919335754898297,False,1
-0.005425352359109944,0.04422111820952984,-0.0046606074050359715,0.001120665060230286,False,0
-0.0045409299949193465,-0.15083368404282693,-0.004638194103831366,0.29232947720065267,False,0
-0.007557603675775885,0.044354090773658095,0.0012083954401816872,-0.0018126599238032504,False,1
-0.006670521860302724,0.23945869100891298,0.0011721422417056222,-0.29411407843209764,False,1
-0.0018813480401244642,0.04432004810798873,-0.004710139326936331,-0.0010617054188254982,False,0
-0.0009949470779646898,-0.15073403719153627,-0.004731373435312841,0.2901314011781566,False,0
-0.004009627821795415,0.04445505956464804,0.0010712545882502911,-0.004039985450427719,False,1
-0.003120526630502454,0.23956163107144593,0.0009904548792417367,-0.29638472599569854,False,1
0.0016707059909264652,0.044425574179105864,-0.004937239640672234,-0.0033895905417707373,False,0
0.0025592174745085825,-0.15062522310828413,-0.005005031451507649,0.28773149687170985,False,0
-0.00045328698765710043,0.04456774435615363,0.0007495984859265479,-0.006525760198218322,False,1
0.0004380678994659721,-0.1505649491446719,0.0006190832819621814,0.286393579753761,False,0
-0.002573231083427466,0.04454816758468766,0.006346954877037401,-0.006094028782118288,False,1
-0.0016822677317337128,0.23957852199420285,0.006225074301395035,-0.29676767578246255,False,1
0.0031093027081503443,0.04436838478635377,0.00028972078574578466,-0.002127983449619897,False,0
0.00399667040387742,0.23948617978895187,0.0002471611167533867,-0.2947194857603318,False,1
0.008786393999656458,0.0443607057343538,-0.005647228598453249,-0.0019586182508081196,False,0
0.009673608114343535,-0.15067980258331248,-0.005686400963469412,0.2889372027993205,False,0
0.006660012062677285,0.04452277320152109,9.234309251699834e-05,-0.005533719835005391,False,1
0.007550467526707707,0.23964339996697212,-1.833130418310947e-05,-0.29818750986613923,False,1
0.01234333552604715,0.04452171005979813,-0.005982081501505894,-0.005510364457983752,False,0
0.013233769727243114,-0.15051394089825576,-0.006092288790665569,0.28527915596587666,False,0
0.010223490909277998,0.044694366635303295,-0.00038670567134803553,-0.009318993164677325,False,1
0.011117378241984064,-0.15042203655731545,-0.0005730855346415821,0.2832418982762414,False,0
0.008108937510837754,0.044708084001438386,0.005091752430883246,-0.00962172163534819,False,1
0.009003099190866521,0.23975664375389139,0.004899317998176282,-0.3006937999125941,False,1
0.013798232065944348,0.04456520526308966,-0.0011145580000756,-0.0064697623717441255,False,0
0.01468953617120614,-0.15054074388813343,-0.0012439532475104825,0.2858612995946872,False,0
0.011678721293443472,0.04459892615572697,0.004473272744383262,-0.007213701159355157,False,1
0.012570699816558012,0.23965643958748756,0.004328998721196159,-0.2984819061606976,False,1
0.017363828608307763,0.04447304887656414,-0.0016406394020177933,-0.0044368417774029445,False,0
0.018253289585839046,-0.15062533482144647,-0.0017293762375658523,0.28772799214250183,False,0
0.015240782889410116,0.04452123575131617,0.004025183605284184,-0.005499862352353224,False,1
0.01613120760443644,0.23958522943876714,0.003915186358237119,-0.29691008176718325,False,1
0.020922912193211782,0.04440768492984801,-0.0020230152771065464,-0.002994947013542304,False,0
0.021811065891808742,0.23955859061268828,-0.0020829142173773925,-0.2963154726191845,False,1
0.026602237704062507,0.04446639485237233,-0.008009223669761083,-0.004290190125834981,False,0
0.027491565601109953,-0.15053978214776323,-0.008095027472277782,0.28585500694739674,False,0
0.024480769958154687,0.044696677104203386,-0.0023779273333298474,-0.009369998760963949,False,1
0.025374703500238755,-0.1503910907729246,-0.0025653273085491264,0.2825617157295202,False,0
0.022366881684780262,0.04476735703574289,0.0030859070060412783,-0.01092919814620985,False,1
0.02326222882549512,0.2398449165453795,0.0028673230431170813,-0.30263688892527035,False,1
0.02805912715640271,0.044682217557539594,-0.0031854147353883263,-0.009051052026788076,False,0
0.0289527715075535,-0.15039390588220555,-0.0033664357759240877,0.28262513822704216,False,0
0.02594489338990939,0.04477590040523691,0.0022860669886167555,-0.011117642575955045,False,1
0.026840411398014127,0.2398649918670705,0.0020637141370976548,-0.30307841199314006,False,1
0.03163771123535554,0.04471368980724427,-0.0039978541027651466,-0.009745350727300539,False,0
0.03253198503150043,-0.15035069919336602,-0.004192761117311157,0.2816735285396564,False,0
0.029524971047633106,0.04483080605468431,0.0014407094534819708,-0.0123288241353679,False,1
0.030421587168726793,0.23993206600326514,0.0011941329707746127,-0.30455684190496746,False,1
0.035220228488792096,0.044793117606250266,-0.004897003867324737,-0.01149755299375621,False,0
0.0361160908409171,-0.1502582629154816,-0.005126954927199861,0.2796362963193752,False,0
0.03311092558260747,0.04493644849955308,0.0004657709991876431,-0.014659240839342724,False,1
0.03400965455259853,-0.15019217936164517,0.0001725861824007886,0.2781706058724777,False,0
0.031005810965365626,0.04492730932304603,0.005735998299850343,-0.014457882458314808,False,1
0.031904357151826546,0.23996653136689022,0.005446840650684047,-0.3053255284465391,False,1
0.03670368777916435,0.04476738515467893,-0.0006596699182467346,-0.010929789271337365,False,0
0.03759903548225793,0.23989879071332623,-0.0008782657036734819,-0.3038207768655281,False,1
0.042397011296524456,0.04478936702202585,-0.006954681240984044,-0.01141496428559019,False,0
0.043292798636964974,-0.15023215780310684,-0.007182980526695848,0.27906558863737657,False,0
0.04028815548090284,0.04499152157331468,-0.0016016687539483166,-0.015874154119929984,False,1
0.04118798591236913,-0.15010742318379994,-0.0019191518363469162,0.2763029972317395,False,0
0.03818583744869313,0.04504185588077761,0.003606908108287874,-0.01698461258668249,False,1
0.03908667456630868,0.24011189453009035,0.003267215856554224,-0.30852733851359887,False,1
0.04388891245691049,0.044943542845455015,-0.002903330913717753,-0.014815813755001628,False,0
0.04478778331381959,-0.15013665089444758,-0.0031996471888177855,0.2769496654697139,False,0
0.04178505029593064,0.04503080200459436,0.0023393461205764928,-0.01674070999299815,False,1
0.042685666336022526,0.24011912622028775,0.00200453192071653,-0.30868462846322675,False,1
0.04748804886042828,0.04496867087831821,-0.004169160648548005,-0.01537020156764679,False,0
0.04838742227799465,-0.15009324204270444,-0.004476564679900941,0.27599439522774993,False,0
0.04538555743714056,0.04509228993129763,0.001043323224654058,-0.018097074773744115,False,1
0.046287403235766515,0.2401992631732863,0.0006813817291791757,-0.31045063838046943,False,1
0.05109138849923224,0.04506761064418163,-0.005527631038430214,-0.017552901320880387,False,0
0.051992740712115876,-0.14997463347987894,-0.005878689064847822,0.2733808800334828,False,0
0.0489932480425183,0.04523070255237971,-0.00041107146417816535,-0.02115038908591621,False,1
0.04989786209356589,-0.1498853510683482,-0.0008340792458964895,0.2714028116101151,False,0
0.046900155072198926,0.04524849219015492,0.004593976986305813,-0.021543070733273884,False,1
0.04780512491600202,0.24030426085287473,0.004163115571640335,-0.31277301181548534,False,1
0.05261121013305951,0.04512325000352391,-0.002092344664669372,-0.01878008018457822,False,0
0.05351367513312999,-0.14996863224447224,-0.0024679462683609363,0.27324195373461113,False,0
0.05051430248824054,0.045188446052461306,0.0029968928063312866,-0.020218347686571825,False,1
0.05141807140928977,0.24026729069577482,0.00259252585259985,-0.311954215430408,False,1
0.05622341722320527,0.045108501144998286,-0.0036465584560083104,-0.018454813131367598,False,0
0.05712558724610524,-0.1499609649673068,-0.004015654718635663,0.2730753547933061,False,0
0.0541263679467591,0.04521805356165051,0.0014458523772304588,-0.02087141180068669,False,1
0.055030729017992115,0.24031923994239696,0.001028424141216725,-0.31309780502838114,False,1
0.05983711381684005,0.04518265308530245,-0.005233531959350898,-0.020090722889073986,False,0
0.0607407668785461,-0.149863854162387,-0.0056353464171323775,0.27093637989756286,False,0
0.05774348979529836,0.04533805729665402,-0.00021661881918112053,-0.02351862109154701,False,1
0.058650250941231434,-0.14978078673905085,-0.0006869912410120606,0.2690959521628937,False,0
0.05565463520645042,0.04535096166503966,0.004694927802245814,-0.02380357678187417,False,1
0.05656165443975121,0.2404052697420391,0.00421885626660833,-0.315001510609238,False,1
0.061369759834591996,0.04522347726923179,-0.00208117394557643,-0.020991087326886815,False,0
0.062274229379976634,-0.14986856602199305,-0.0025009956921141665,0.271034479162444,False,0
0.05927685805953677,0.045288984425224554,0.0029196938911347134,-0.022436222945950324,False,1
0.060182637748041265,0.2403689429522652,0.0024709694322157067,-0.31419652471719917,False,1
0.06499001660708657,0.045211879729987886,-0.0038129610621282766,-0.020735359285905974,False,0
0.06589425420168633,-0.14985518266501419,-0.004227668247846396,0.270742099461203,False,0
0.06289715054838604,0.045326841191052014,0.0011871737413776638,-0.02327125069672159,False,1
0.06380368737220708,0.24043174712474025,0.000721748727443232,-0.31557937436636635,False,1
0.06861232231470189,0.0452995225395936,-0.0055898387598840955,-0.02266891961758566,False,0
0.06951831276549376,-0.14974182076301124,-0.006043217152235809,0.2682451205713724,False,0
0.06652347635023353,0.045465851056807505,-0.000678314740808361,-0.026337735395587203,False,1
0.06743279337136969,-0.14964636602993045,-0.001205069448720105,0.266131098386076,False,0
0.06443986605077108,0.04549276362894672,0.004117552519001416,-0.02693167389977219,False,1
0.06534972132335001,0.24055542471636399,0.003578919041005972,-0.3183126281603066,False,1
0.0701608298176773,0.04538268369874804,-0.00278733352220016,-0.02450319160622172,False,0
0.07106848349165226,-0.14969918401891644,-0.0032773973543245944,0.267298998249944,False,0
0.06807449981127393,0.04546938769165382,0.0020685826106742857,-0.02641584013648779,False,1
0.06898388756510701,0.24056161281890862,0.0015402658079445297,-0.3184453888690793,False,1
0.07379511982148518,0.04541775822868166,-0.0048286419694370565,-0.025277116237394148,False,0
0.07470347498605881,-0.14963461452182086,-0.005334184294184939,0.26587841682342395,False,0
0.0717107826956224,0.045563060982828335,-1.6615957716460163e-05,-0.028482173642859487,False,1
0.07262204391527896,-0.14955865194874304,-0.00058625943057365,0.2641955106225258,False,0
0.0696308708763041,0.045571662257310824,0.004697650781876866,-0.028672270649537424,False,1
0.07054230412145031,0.24062593209198768,0.004124205368886117,-0.31986934282537816,False,1
0.07535482276329006,0.04544548899695683,-0.0022731814876214467,-0.02588865511649663,False,0
0.0762637325432292,-0.14964378930914934,-0.0027909545899513794,0.26607619148966466,False,0
0.07327085675704621,0.04551788407155127,0.0025305692398419136,-0.027485718018032956,False,1
0.07418121443847724,0.2406034538340378,0.0019808548794812545,-0.31936914913590275,False,1
0.078993283515158,0.04545334747242605,-0.004406528103236801,-0.02606219293502915,False,0
0.07990235046460652,-0.14960513428792085,-0.004927771961937384,0.26522717398077583,False,0
0.0769102477788481,0.045586802244362845,0.0003767715176781327,-0.029005935043230735,False,1
0.07782198382373536,-0.14954055009350792,-0.00020334718318648203,0.2637958435124148,False,0
0.0748311728218652,0.04558430302630126,0.005072569687061814,-0.028951214187423135,False,1
0.07574285888239123,0.24063314434339209,0.004493545403313351,-0.3200293829827862,False,1
0.08055552176925906,0.04544748734846846,-0.001907042256342373,-0.025932755467099944,False,0
0.08146447151622843,-0.14964706349565468,-0.0024256973656843718,0.2661478685743387,False,0
0.07847153024631534,0.04550942398293337,0.0028972600058024024,-0.027299155743401082,False,1
0.07938171872597401,0.24058970677441935,0.0023512768909343808,-0.3190665585366345,False,1
0.0841935128614624,0.04543434740236285,-0.0040300542797983094,-0.02564305389694005,False,0
0.08510219980950966,-0.1496295783414486,-0.004542915357737111,0.26576562589666103,False,0
0.08210960824268068,0.04555691624119873,0.00077239716019611,-0.028346707297730034,False,1
0.08302074656750466,0.2406677822477492,0.00020546301424150936,-0.3207858342630695,False,1
0.08783410221245964,0.04554290561793445,-0.006210253671019881,-0.028038119370490167,False,0
0.08874496032481834,-0.14948943815569354,-0.006771016058429684,0.2626789520689219,False,0
0.08575517156170447,0.04572850569724132,-0.0015174370170512467,-0.032131914678546425,False,1
0.0866697416756493,-0.14937165194545796,-0.002160075310622175,0.26007185854333675,False,0
0.08368230863674013,0.045781068653659995,0.0030413618602445603,-0.03329160107705076,False,1
0.08459793000981333,0.2408592738183612,0.0023755298387035453,-0.32501339647893407,False,1
0.08941511548618056,0.045703579550288365,-0.004124738090875137,-0.03158227592919782,False,0
0.09032918707718632,-0.14935897874398094,-0.004756383609459093,0.2597964029382364,False,0
0.0873420075023067,0.04583054864569605,0.0004395444493056353,-0.034382947804489916,False,1
0.08825861847522061,-0.14929770301825565,-0.00024811450678416305,0.2584386274813883,False,0
0.0852726644148555,0.045827789479789216,0.004920658042843603,-0.03432254792086287,False,1
0.08618922020445129,0.24087883249239908,0.004234207084426346,-0.325448902760366,False,1
0.09100679685429927,0.04569685085387276,-0.0022747709707809736,-0.03143370162709741,False,0
0.09192073387137673,-0.14939240526022315,-0.002903445003322922,0.26053064332658515,False,0
0.08893288576617227,0.04577087272569777,0.002307167863208781,-0.03306665136603154,False,1
0.08984830322068622,0.24085966237535647,0.0016458348358881502,-0.3250207502441898,False,1
0.09466549646819335,0.045714315819566614,-0.004854580168995646,-0.03181925164034871,False,0
0.09557978278458468,-0.14933768315794846,-0.00549096520180262,0.2593280582836496,False,0
0.09259302912142571,0.04586222405489382,-0.00030440403612962824,-0.03508172414356808,False,1
0.09351027360252359,-0.1492553606081184,-0.0010060385190009899,0.2575051445057479,False,0
0.04656555653017784,-0.00815917865761804,0.02182430693009882,-0.015537445713471112,True,1
0.04640237295702548,0.18664309655405562,0.021513558015829395,-0.30125543609753186,False,1
0.05013523488810659,-0.008778773582188676,0.015488449293878758,-0.0018659659050843658,False,0
0.04995965941646281,0.18611766542489153,0.015451129975777071,-0.2896221375029532,False,1
0.05368201272496064,-0.009221165926148384,0.009658687225718008,0.007893585668992176,False,0
0.05349758940643767,0.18576094385695466,0.009816558939097851,-0.2817263267734489,False,1
0.05721280828357676,-0.009499645262404516,0.004182032403628873,0.014036466804633885,False,0
0.05702281537832867,0.18556208137420227,0.0044627617397215505,-0.27732405057756143,False,1
0.06073405700581272,-0.009623252238330854,-0.001083719271829678,0.016763081923563905,False,0
0.0605415919610461,0.18551422402303494,-0.0007484576333583999,-0.27626157398801876,False,1
0.0642518764415068,-0.009597040954611141,-0.006273689113118775,0.01618519498042814,False,0
0.06405993562241458,-0.20462846058409595,-0.005949985213510212,0.3068821147368474,False,0
0.05996736641073266,-0.009422232221520138,0.0001876570812267362,0.012328669912037848,False,1
0.059778921766302257,0.18569702724594997,0.0004342304794674932,-0.2802950429542406,False,1
0.06349286231122125,-0.009431115497805176,-0.005171670379617319,0.012524807323891496,False,0
0.06330424000126515,-0.20447851779814755,-0.004921174233139489,0.303571533890411,False,0
0.0592146696453022,-0.009286779214784796,0.001150256444668732,0.009340651982197856,False,1
0.059028934061006504,0.1858186568680362,0.001337069484312689,-0.2829791332153728,False,1
0.06274530719836723,-0.009322339877773922,-0.004322513179994767,0.010125198566451,False,0
0.06255886040081175,-0.20438203446670788,-0.004120009208665747,0.30144119214745757,False,0
0.0584712197114776,-0.00920160461398764,0.0019088146342834044,0.007461752898450524,False,1
0.05828718761919784,0.18589291956775594,0.002058049692252415,-0.2846183090817371,False,1
0.06200504601055296,-0.009258323880430186,-0.003634316489382327,0.008713002340799858,False,0
0.061819879532944357,-0.20432796588535773,-0.00346005644256633,0.30024704625720683,False,0
0.0577333202152372,-0.00915686806787755,0.002544884482577807,0.0064748974047961205,False,1
0.05755018285387965,0.18592849359765395,0.0026743824306737296,-0.28540400227019663,False,1
0.06126875272583273,-0.009231497332348654,-0.0030336976147302035,0.00812120473754302,False,0
0.061084122779185755,-0.20430980998264034,-0.002871273519979343,0.29984542145708615,False,0
0.05699792657953295,-0.009147050305727294,0.0031256349091623803,0.006258335408230342,False,1
0.0568149855734184,0.1859299356964778,0.003250801617326987,-0.2854367790620662,False,1
0.06053358428734796,-0.009238227138400223,-0.0024579339639143375,0.008269652323206311,False,0
0.06034881974457996,-0.20432484205471943,-0.0022925409174502113,0.3001760588873955,False,0
0.05626232290348557,-0.009170289140944393,0.003710980260297699,0.006770992338824056,False,1
0.05607891712066668,0.1858982452833732,0.0038464001070741805,-0.28473876883621546,False,1
0.05979688202633414,-0.00927835286739509,-0.0018483752696501292,0.009154801537520019,False,0
0.05961131496898624,-0.20437374712082548,-0.001665279238899729,0.3012539709916996,False,0
0.055523840026569724,-0.009228100446385196,0.004359800180934263,0.008046314986830783,False,1
0.05533927801764202,0.18583105463580749,0.004520726480670878,-0.2832578597058318,False,1
0.05905589911035817,0.38088823509357345,-0.0011444307134457574,-0.5745115515563541,False,1
0.06667366381222964,0.1857823468468615,-0.012634661744572841,-0.2821893733933786,False,0
0.07038931074916686,-0.009157128773915862,-0.018278449212440415,0.006482009298923119,False,0
0.07020616817368855,-0.2040122364273026,-0.018148809026461953,0.2933422812332691,False,0
0.0661259234451425,-0.00863629362636037,-0.01228196340179657,-0.005008826648355391,False,1
0.0659531975726153,-0.2035799699367829,-0.012382139934763678,0.2837738266889228,False,0
0.061881598173879636,-0.008283622409683944,-0.0067066634009852215,-0.01278849426408779,False,1
0.061715925725685954,-0.20330875236424606,-0.006962433286266978,0.2777708773585539,False,0
0.05764975067840103,-0.008088169414336072,-0.0014070157390959001,-0.017099838385130628,False,1
0.057487987290114305,-0.20318991413555398,-0.0017490125067985128,0.2751388265247261,False,0
0.05342418900740323,-0.008043052421742525,0.0037537640236960097,-0.018095227738702035,False,1
0.053263327958968376,-0.20321863517486613,0.003391859468921969,0.2757696877976714,False,0
0.04919895525547105,-0.008145240369104662,0.008907253224875398,-0.01584151644359305,False,1
0.04903605044808896,-0.20339379225023085,0.008590422896003537,0.27963839113308087,False,0
0.044968174603084346,-0.008395431746101606,0.014183190718665153,-0.01032280393921059,False,1
0.04480026596816231,0.18652027169673055,0.013976734639880941,-0.2984972339712222,False,1
0.04853067140209692,-0.008798093658556577,0.008006789960456496,-0.0014392757256087019,False,0
0.04835470952892579,0.18620811866840067,0.007978004445944322,-0.2915852469756669,False,1
0.0520788719022938,-0.009026672970221916,0.002146299506430984,0.003603129147980888,False,0
0.05189833844288936,-0.20417933936416946,0.0022183620893906015,0.29696246606664695,False,0
0.04781475165560597,-0.009089081989115427,0.00815761141072354,0.004979997971567229,False,1
0.04763297001582366,0.18591493302719567,0.008257211370154885,-0.2851179808081055,False,1
0.05135126867636757,-0.009323804433303634,0.002554851753992774,0.010157734237524862,False,0
0.0511647925877015,0.18576141371640734,0.0027580064387432712,-0.28171801235896987,False,1
0.054880020862029644,-0.009399768978086254,-0.002876353808436126,0.011833501163775406,False,0
0.05469202548246792,-0.20448035159925856,-0.002639683785160618,0.3036075177563409,False,0
0.050602418450482745,-0.009320880513337515,0.003432466569966201,0.010093264888514253,False,1
0.050416000840215996,0.18575167667179862,0.003634331867736486,-0.2815047039676018,False,1
0.05413103437365197,-0.009421926121262886,-0.0019957622116155496,0.012322257997463115,False,0
0.05394259585122672,-0.20451519870300564,-0.0017493170516662874,0.3043748303674157,False,0
0.0498522918771666,-0.009368361574496442,0.0043381795556820275,0.011140723601762215,False,1
0.04966492464567667,0.18569110650087706,0.004560994027717272,-0.28017030449137736,False,1
0.053378746775694215,-0.00949560875607186,-0.0010424120621102756,0.013947650691207791,False,0
0.053188834600572776,-0.20460259495704927,-0.0007634590482861199,0.3063015018961402,False,0
0.04909678270143179,-0.009469772825158762,0.005362570989636684,0.013377897062668842,False,1
0.048907387244928616,0.18557486328375325,0.005630128930890061,-0.2776082620977512,False,1
0.05261888451060368,-0.009626954464406284,7.796368893503696e-05,0.016845073015702483,False,0
0.05242634542131556,0.18549387857651978,0.0004148651492490866,-0.2758132543316553,False,1
0.05613622299284595,-0.009633989168040619,-0.00510139993738402,0.01700049244752061,False,0
0.055943543209485136,-0.2046824101436767,-0.0047613900884336076,0.3080695118466506,False,0
0.0518498950066116,-0.009492939305510317,0.0014000001484994048,0.01388878101771479,False,1
0.051660036220501394,0.18560890617235026,0.0016777757688537006,-0.2783521004901464,False,1
0.0553722143439484,-0.009536939744301837,-0.003889266240949228,0.014859522237906986,False,0
0.055181475549062366,-0.2046028986949067,-0.0035920757961910884,0.30631280629135527,False,0
0.051089417575164234,-0.009429945375846599,0.0025341803296360173,0.012499197036443754,False,1
0.0509008186676473,0.18565557085907952,0.0027841642703648924,-0.27938308945737195,False,1
0.05461393008482889,-0.009505986434100555,-0.0028034975187825467,0.014176655114663483,False,0
0.05442381035614688,-0.2045876199671783,-0.002519964416489277,0.30597372827673275,False,0
0.05033205795680331,-0.009429849767612214,0.0035995101490453782,0.012497133693736062,False,1
0.050143460961451065,0.1856402952706789,0.0038494528229200994,-0.27904793460129107,False,1
0.05385626686686464,-0.009536358131556233,-0.0017315058691057222,0.014846612701853612,False,0
0.05366553970423352,-0.2046334346457796,-0.0014345736150686498,0.30698272630990353,False,0
0.04957287101131792,-0.009491070849568517,0.0047050809111294205,0.013847717319822206,False,1
0.04938304959432655,0.1855630885464817,0.0049820352575258645,-0.27734699454570866,False,1
0.053094311365256185,-0.009629582795071007,-0.0005649046333883086,0.0169030911702015,False,0
0.05290171970935476,0.18550046526809089,-0.00022684280998427854,-0.275958016175903,False,1
0.05661172901471658,-0.009618248812399088,-0.005746003133502339,0.01665335562900422,False,0
0.0564193640384686,-0.20465732612766413,-0.0054129360209222545,0.3075178263514921,False,0
0.05232621751591532,-0.00945866488042782,0.000737420506107588,0.013132728523802262,False,1
0.05213704421830676,0.18565270301441814,0.0010000750765836333,-0.27931744213476156,False,1
0.05585009827859513,-0.009483500334204031,-0.004586273766111598,0.013680738537559911,False,0
0.05566042827191105,-0.20453937923420848,-0.0043126589953604,0.3049131200421931,False,0
0.05156964068722688,-0.009356235740290458,0.001785603405483463,0.010873209645314685,False,1
0.05138251597242107,0.18574006205854848,0.002003067598389757,-0.2812458034000409,False,1
0.05509731721359204,-0.009410404135793526,-0.0036218484696110614,0.012068210123082956,False,0
0.05490910913087617,-0.2044802264822434,-0.0033804842671494024,0.3036062033596219,False,0
0.0508195046012313,-0.009310261736880932,0.0026916398000430357,0.009859068512396041,False,1
0.05063329936649368,0.18577298445402032,0.0028888211702909564,-0.28197339960633033,False,1
0.05434875905557409,-0.00939005320105199,-0.0027506468218356506,0.011619247601118432,False,0
0.05416095799155305,-0.20447244868100709,-0.002518261869813282,0.30343304467236487,False,0
0.050071509017932905,-0.009314698816192346,0.003550399023634016,0.009956979883013861,False,1
0.04988521504160906,0.18575615533573173,0.003749538621294293,-0.2816036420269643,False,1
0.0536003381483237,-0.009419078385102975,-0.0018825342192449928,0.012259512346035784,False,0
0.05341195658062164,-0.20451398105835272,-0.001637343972324277,0.30434788306975974,False,0
0.04932167695945458,-0.009368734216516156,0.004449613689070918,0.01114902626712061,False,1
0.049134302275124254,0.18568912183220185,0.00467259421441333,-0.28012667923101847,False,1
0.052848084711768294,-0.009499170712148203,-0.0009299393702070389,0.014026301112008865,False,0
0.05265810129752533,-0.20460777308047914,-0.0006494133479668616,0.3064156759835081,False,0
0.048565945835915746,-0.00947657383395678,0.005478900171703301,0.013528011323477196,False,1
0.04837641435923661,0.18556637608925472,0.005749460398172845,-0.27742123383051415,False,1
0.05208774188102171,-0.009637125147008374,0.0002010357215625619,0.017069510553180567,False,0
0.05189499937808154,0.1854819424062721,0.0005424259326261733,-0.27554998036064315,False,1
0.05560463822620698,-0.009647743611805287,-0.00496857367458669,0.01730397882369139,False,0
0.05541168335397088,-0.2046980885124499,-0.004622494098112862,0.3084151301664088,False,0
0.05131772158372188,-0.00951057904077432,0.001545808505215314,0.014277985523009296,False,1
0.05112751000290639,0.18558916925353372,0.0018313682156755,-0.277916819752344,False,1
0.054839293387977064,-0.009558860515999135,-0.0037269681793713804,0.01534315597490199,False,0
0.05464811617765708,-0.20462716464939748,-0.0034201050598733403,0.3068478539025295,False,0
0.05055557288466913,-0.009456645711243494,0.00271685201817725,0.013088278765822414,False,1
0.05036643997044426,0.18562623715739585,0.0029786175934936984,-0.27873621205534393,False,1
0.05407896471359218,-0.00953807907216947,-0.0025961066476131805,0.014884675920354529,False,0
0.05388820313214879,-0.20462270284508804,-0.00229841312920609,0.3067473709641676,False,0
0.049795749075247024,-0.009468075560431444,0.003836534290077262,0.01334047037974384,False,1
0.049606387564038394,0.1855986452631914,0.0041033436976721386,-0.27812951915445466,False,1
0.053318360469302224,-0.009581603111590314,-0.001459246685416955,0.015844768322642477,False,0
0.05312672840707042,-0.2046825965866484,-0.0011423513189641053,0.3080669285758594,False,0
0.04903307647533745,-0.00954438679539818,0.005018987252553082,0.015023953660858846,False,1
0.04884218873942949,0.185505227606034,0.005319466325770259,-0.27607120688287895,False,1
0.05255229329155017,-0.009692211420629343,-0.0002019578118873204,0.018284724805272823,False,0
0.05235844906313759,0.18543263552116782,0.00016373668421813608,-0.2744619152348025,False,1
0.056067101773560946,-0.009691651505853077,-0.005325501620477914,0.018272649967255916,False,0
0.05587326874344389,-0.20473682566500678,-0.004960048621132795,0.3092705723877578,False,0
0.05177853223014375,-0.00954455547633426,0.0012253628266223606,0.015027520384318538,False,1
0.05158764112061707,0.1855598010990948,0.0015259132343087315,-0.2772685381840302,False,1
0.055298837142598964,-0.009583886220685123,-0.0040194575293718724,0.015895270331437727,False,0
0.05510715941818526,-0.20464796355515125,-0.003701552122743118,0.30730730540756246,False,0
0.05101420014708224,-0.009473463856664366,0.002444593985408131,0.013459307654392128,False,1
0.05082473086994895,0.18561334357368967,0.0027137801384959736,-0.2784513191908172,False,1
0.054536997741422746,-0.009547216585708979,-0.002855246245320371,0.015086293470368328,False,0
0.054346053409708564,-0.2046281038829912,-0.0025535203759130044,0.3068669903739375,False,0
0.05025349133204874,-0.009469859307995931,0.0035838194315657456,0.013379843728333507,False,1
0.05006409414588882,0.18560051243836734,0.0038514163061324157,-0.2781701941577676,False,1
0.05377610439465617,-0.009576170594875949,-0.0017119875770229367,0.015724972637969903,False,0
0.053584580982758645,-0.20467352802836777,-0.0013974881242635386,0.3078672558281854,False,0
0.04949111042219129,-0.009531691922347596,0.00475985699230017,0.014743926124369866,False,1
0.04930047658374433,0.18552167467090788,0.005054735514787567,-0.27643341671850297,False,1
0.05301091007716249,-0.009672025862121625,-0.000473932819582492,0.017839479551308657,False,0
0.05281746955992006,0.18545671889246684,-0.00011714322855631884,-0.27499294095307614,False,1
0.0565266039377694,-0.009663560768257001,-0.005617002047617841,0.017653036420734014,False,0
0.05633333272240426,-0.20470450909592444,-0.005263941319203161,0.3085584537455646,False,0
0.05223924254048577,-0.00950795135027968,0.0009072277557081315,0.014220082054478,False,1
0.05204908351348018,0.18560097733143197,0.0011916293967976915,-0.27817646560441994,False,1
0.05576110306010882,-0.009537953344401828,-0.004371899915290707,0.014882061548976755,False,0
0.055570343993220785,-0.20459693406692328,-0.004074258684311172,0.3061824019604998,False,0
0.051478405311882316,-0.009417162362216763,0.0020493893548988243,0.01221734558804366,False,1
0.05129006206463798,0.1856753380404475,0.0022937362666596976,-0.279818270426694,False,1
0.05500356882544693,-0.009479258255303769,-0.0033026291418741826,0.013587211824007295,False,0
0.054813983660340855,-0.20455369019082142,-0.003030884905394037,0.3052262927159655,False,0
0.050722909856524424,-0.009388678574523052,0.0030736409489252733,0.011589041120474153,False,1
0.05053513628503396,0.18568905796642932,0.0033054217713347563,-0.28012253246205254,False,1
0.05424891744436255,-0.009479888420680094,-0.0022970288779062945,0.013601080066663163,False,0
0.054059319675948944,-0.20456882209642735,-0.0020250072765730315,0.30555838266749247,False,0
0.049967943234020394,-0.009418072398196475,0.004086160376776818,0.01223750657186301,False,1
0.049779581786056466,0.18564504024179185,0.004330910508214079,-0.2791533919001149,False,1
0.0534924825908923,-0.009538424657591582,-0.0012521573297882196,0.014892343401370078,False,0
0.05330171409774047,-0.2046423960151287,-0.000954310461760818,0.30717993685160583,False,0
0.049208866177437895,-0.009506859450593458,0.005189288275271299,0.014196198055308529,False,1
0.049018728988426026,0.1855402878211136,0.0054732122363774696,-0.2768449396789958,False,1
0.052729534744848296,-0.009659318598208677,-6.368655720244681e-05,0.017559200767409466,False,0
0.05253634837288412,0.18546354590266553,0.00028749745814574254,-0.27514381923814624,False,1
0.05624561929093743,-0.009662506036897445,-0.005215378926617182,0.017629770826651847,False,0
0.056052369170199484,-0.20470927583843201,-0.004862783510084145,0.3086626321045929,False,0
0.05195818365343084,-0.009518376000258372,0.0013104691320077128,0.014450091333121251,False,1
0.051767816133425675,0.18558475694631357,0.0015994709586701378,-0.2778190789799855,False,1
0.05547951127235195,-0.00955997601699271,-0.003956910620929572,0.01536789029624469,False,0
0.05528831175201209,-0.20462495737769518,-0.003649552815004678,0.3067997430334382,False,0
0.051195812604458185,-0.0094511920448892,0.0024864420456640864,0.012968078560350205,False,1
0.0510067887635604,0.1856350122608915,0.0027458036168710905,-0.2789293101157565,False,1
0.05471948900877823,-0.009526001522241534,-0.0028327825854440394,0.01461837225540824,False,0
0.0545289689783334,-0.20460721275633909,-0.0025404151403358747,0.3064061780462108,False,0
0.05043682472320662,-0.009449153269392524,0.0035877084205883413,0.012923152187389986,False,1
0.050247841657818766,0.18562116226521497,0.003846171464336141,-0.27862565394582317,False,1
0.05396026490312306,-0.009555445572543841,-0.001726341614580323,0.015267863995287068,False,0
0.05376915599167219,-0.204652596424449,-0.0014209843346745816,0.3074056100111698,False,0
0.04967610406318321,-0.009510426074290285,0.004727127865548814,0.014274880754868158,False,1
0.049485895541697404,0.18554341424238976,0.005012625480646177,-0.27691284034320107,False,1
0.0531967638265452,-0.009649690299573743,-0.0005256313262178448,0.017346843820151392,False,0
0.053003770020553724,0.18547979514189342,-0.00017869444981481693,-0.27550187951084826,False,1
0.056713365923391594,-0.009639606114199173,-0.005688732040031782,0.017124681532453112,False,0
0.05652057380110761,-0.20467951414363944,-0.005346238409382719,0.30800733152716253,False,0
0.05242698351823482,-0.009481794549165229,0.0008139082211605312,0.013643149915418595,False,1
0.05223734762725152,0.18562847473100275,0.0010867712194689032,-0.2787828680766371,False,1
0.03757759037409346,0.0011396884390815903,-0.02296587340092883,-0.009255528807842327,True,0
0.03760038414287509,-0.193645500332495,-0.023150983977085676,0.2760938326137168,False,0
0.033727474136225184,0.0017989662922356375,-0.017629107324811343,-0.023800088143065945,False,1
0.033763453462069895,-0.19306578900862412,-0.018105109087672662,0.2632689360471456,False,0
0.029902137681897412,0.0023098494585750418,-0.012839730366729751,-0.03506910187441303,False,1
0.029948334671068912,-0.19262564553583442,-0.013541112404218012,0.2535352613342677,False,0
0.026095821760352224,0.00268701185146461,-0.008470407177532658,-0.04338783089253767,False,1
0.026149561997381516,-0.1923124590089964,-0.009338163795383412,0.24661061244256238,False,0
0.022303312817201586,0.0029416075034910394,-0.004405951546532164,-0.049003097867505896,False,1
0.022362144967271406,-0.1921168899995708,-0.005386013503882282,0.24228646291146927,False,0
0.01851980716727999,0.0030815802528816882,-0.0005402842456528958,-0.052090475886662935,False,1
0.018581438772337627,-0.19203261976420183,-0.0015820937633861545,0.24042193786205918,False,0
0.01474078637705359,0.003111895998209241,0.0032263449938550294,-0.052759604815960426,False,1
0.014803024297017775,-0.19205616799672345,0.002171152897535821,0.24093951128784658,False,0
0.010961900937083305,0.0030347014853910337,0.006989943123292752,-0.05105778475536138,False,1
0.011022594966791126,-0.19218677678565074,0.005968787428185525,0.2438223054346607,False,0
0.007178859431078112,0.0028494130875219847,0.010845233536878739,-0.046971954974942165,False,1
0.007235847692828552,-0.19242635858068277,0.009905794437379895,0.2491129127327082,False,0
0.003387320521214896,0.0025527381896240653,0.014888052692034059,-0.04042912739513671,False,1
0.003438375285007377,-0.19277950642251723,0.014079470144131325,0.256913693769653,False,0
-0.00041721484344296777,0.0021386308384158115,0.019217744019524384,-0.03129530595239083,False,1
-0.00037444222667465155,0.19697979305166685,0.018591837900476568,-0.317853412664257,False,1
0.0035651536343586855,0.0015980425496342765,0.012234769647191428,-0.019365751216812055,False,0
0.003597114485351371,-0.19369721224311112,0.011847454622855188,0.27715213853356707,False,0
-0.0002768297595108515,0.001253730732292374,0.01739049739352653,-0.011770683189027908,False,1
-0.000251755144865004,0.19612201760034123,0.01715508372974597,-0.2989163656536937,False,1
0.003670685207141821,0.0007597875089961903,0.011176756416672096,-0.0008727930983745691,False,0
0.0036858809573217448,0.19571967908960847,0.011159300554704604,-0.2900084669109862,False,1
0.007600274539113914,0.00044039539845502906,0.00535913121648488,0.006172986489541787,False,0
0.007609082447083014,0.19548508062505257,0.005482590946275716,-0.28481426302006496,False,1
0.011518784059584066,0.00028536582009694444,-0.00021369431412558357,0.009592782259002008,False,0
0.011524491375986004,-0.19483352007754287,-2.1838668945543398e-05,0.302208278294971,False,0
0.007627820974435147,0.0002887423877564188,0.006022326896953876,0.00951846409814694,False,1
0.007633595822190275,0.195323809671766,0.006212696178916816,-0.28125827822828736,False,1
0.011540072015625595,0.00011379237068176451,0.0005875306143510685,0.013377617690461474,False,0
0.01154234786303923,-0.19501657986452564,0.0008550829681602979,0.3062458595158403,False,0
0.007642016265748717,9.317602075722964e-05,0.006980000158477104,0.013832727043257387,False,1
0.0076438797861638616,0.19511433315662327,0.007256654699342252,-0.2766397791742818,False,1
0.011546166449296328,-0.00011039145124758232,0.0017238591158566163,0.018323035269161236,False,0
0.011543958620271376,0.1949867952974058,0.002090319821239841,-0.2738154956985747,False,1
0.015443694526219492,-0.00016491878821803252,-0.0033859900927316533,0.019525989482662487,False,0
0.015440396150455131,-0.1952381479395508,-0.0029954703030784036,0.31113867665065864,False,0
0.011535633191664115,-7.364859414876745e-05,0.003227303229934769,0.017512574064695863,False,1
0.01153416021978114,-0.19524173403905234,0.0035775547112286863,0.3112120031580271,False,0
0.007629325539000092,-0.00017093439097412566,0.009801794774389229,0.019659475043774577,False,1
0.0076259068511806095,0.19480908680230105,0.01019498427526472,-0.2699148257828899,False,1
0.011522088587226632,-0.0004568556782908184,0.004796687759606922,0.025966139904164243,False,0
0.011512951473660816,0.19459597985525293,0.005316010557690207,-0.2651995267461144,False,1
0.015404871070765875,-0.0006014409144274868,1.2020022767918366e-05,0.02915536695615145,False,0
0.015392842252477324,0.19452033792827342,0.0005951273618909474,-0.26352376740006267,False,1
0.019283249011042794,-0.0006101029091641341,-0.004675347986110306,0.029346809457189205,False,0
0.01927104695285951,-0.19566469572811623,-0.004088411796966522,0.3205509536351892,False,0
0.015357753038297185,-0.0004847599174442052,0.002322607275737262,0.026581507036758656,False,1
0.0153480578399483,0.19460380643046993,0.002854237416472435,-0.26536770725571673,False,1
0.0192401339685577,-0.0005587660796663452,-0.0024531167286419,0.02821410372738048,False,0
0.019228958646964372,0.1945982784449328,-0.0018888346540942903,-0.2652417978454611,False,1
0.023120924215863026,-0.0004966629006557255,-0.007193670611003513,0.02684477508534111,False,0
0.023110990957849912,-0.19551471654900612,-0.00665677510929669,0.31724936569492834,False,0
0.01920069662686979,-0.00029858684999872764,-0.00031178779539812324,0.022474581603016686,False,1
0.019194724889869813,0.19482783432089634,0.00013770383666221047,-0.27030670153726993,False,1
0.02309128157628774,-0.0002960816863659399,-0.005268430194083188,0.022419654626468777,False,0
0.023085359942560422,-0.19534208376305778,-0.004820037101553812,0.3134356861144104,False,0
0.019178518267299265,-0.00015180101959455516,0.0014486766207343965,0.019236577678324984,False,1
0.019175482246907374,0.1949493446493689,0.0018334081743008961,-0.27298892295884597,False,1
0.023074469139894752,-0.00019871897142939576,-0.0036263702848760237,0.020271702197848462,False,0
0.023070494760466163,-0.19526847694164032,-0.0032209362409190544,0.3118082646706412,False,0
0.019165125221633356,-0.00010078676969418887,0.00301522905249377,0.01811129435912584,False,1
0.019163109486239473,0.19497779310611985,0.003377454939676287,-0.2736187692741943,False,1
0.02306266534836187,-0.00019218579603835773,-0.0020949204458075997,0.020127499187546805,False,0
0.023058821632441103,-0.1952840310579702,-0.0016923704620566637,0.3121487187716482,False,0
0.0191531410112817,-0.00013801058956103285,0.0045506039133763,0.018932550581490182,False,1
0.01915038079949048,0.19491838525155383,0.004929254925006104,-0.2723111408320378,False,1
0.023048748504521557,-0.0002735539247628038,-0.0005169678916346516,0.021922406003896444,False,0
0.023043277426026302,0.19485580731132868,-7.851977155672274e-05,-0.270923585291522,False,1
0.026940393572252877,-0.00026502335448364,-0.005496991477387163,0.02173457499214071,False,0
0.026935093105163205,-0.19530771255947327,-0.005062299977544349,0.31267808126408053,False,0
0.023028938853973738,-0.00011401065765154206,0.0011912616477372613,0.018402970221083892,False,1
0.023026658640820707,0.19499083627721592,0.001559321052158939,-0.2739038616840454,False,1
0.026926475366365027,-0.0001533290010468924,-0.003918756181521969,0.01927047056980913,False,0
0.02692340878634409,-0.1952188623315638,-0.0035333467701257866,0.3107144125350159,False,0
0.023019031539712815,-4.674926066250418e-05,0.0026809414805745316,0.016919268613293792,False,1
0.023018096554499566,0.19503665167143588,0.0030193268528404074,-0.2749165853206455,False,1
0.026918829587928284,-0.00012824803442651467,-0.002479004853572503,0.018717110593760633,False,0
0.026916264627239755,-0.19521455996554532,-0.00210466264169729,0.31061685263836025,False,0
0.02301197342792885,-6.268625580607701e-05,0.0041076744110699155,0.017270920047933958,False,1
0.023010719702812727,0.19500011593451805,0.004453092812028594,-0.2741131618908977,False,1
0.02691072202150309,-0.00018508866612398922,-0.0010291704257893598,0.019970947077492807,False,0
0.026907020248180608,0.19495160682906643,-0.0006297514842395035,-0.27303651720168853,False,1
0.030806052384761938,-0.0001613529753126397,-0.006090481828273275,0.019447717546315857,False,0
0.030802825325255686,-0.19519543282625595,-0.005701527477346958,0.31020282081098804,False,0
0.026898916668730566,7.285316700494926e-06,0.0005025289388728036,0.01572726273897057,False,1
0.026899062375064575,0.19512202605293366,0.000817074193652215,-0.276797067908545,False,1
0.030801502896123246,-1.1572594247361012e-05,-0.004718867164518686,0.016143452143545678,False,0
0.0308012714442383,-0.1950655327496717,-0.0043959981216477725,0.3073337930318204,False,0
0.026899960789244868,0.00011878162186135244,0.0017506777389886359,0.013267731108137448,False,1
0.026902336421682094,0.19521558216042703,0.002016032361151385,-0.2788623222473567,False,1
0.030806648064890634,6.492915273301203e-05,-0.003561214083795749,0.014455775501304613,False,0
0.030807946647945294,-0.19500576918429505,-0.003272098573769657,0.3060129728303145,False,0
0.026907831264259392,0.00016265654733396695,0.0028481608828366325,0.012299906164363938,False,1
0.02691108439520607,0.19524364582058656,0.0030941590061239112,-0.27948303270314995,False,1
0.030815957311617802,7.76926259399846e-05,-0.0024955016479390876,0.01417417702344298,False,0
0.030817511164136602,-0.19500838119047187,-0.002212018107470228,0.3060686998474791,False,0
0.026917343540327165,0.0001450214691206264,0.0039093558894793545,0.012688979232279296,False,1
0.026920243969709576,0.1952106898539519,0.004163135474124941,-0.2787579397431627,False,1
0.030824457766788615,2.9597000551800923e-05,-0.0014120233207383136,0.015235120719774176,False,0
0.03082504970679965,-0.19507207562175521,-0.00110732090634283,0.3074722031882074,False,0
0.026923608194364547,6.563654762439808e-05,0.005042123157421318,0.014440262106667545,False,1
0.026924920925317036,0.1951149157621751,0.005330928399554669,-0.2766475597416209,False,1
0.03082721924056054,-8.268338513842122e-05,-0.00020202279527774952,0.017711964054454965,False,0
0.03082556557285777,0.19504216449228315,0.0001522164858113498,-0.2750346964903315,False,1
0.03472640886270344,-8.195817011227846e-05,-0.0053484774439952806,0.01769623575916862,False,0
0.03472476969930119,-0.19512679924115145,-0.004994552728811908,0.3086868678837375,False,0
0.03082223371447816,6.595939384723692e-05,0.0011791846288628427,0.014432989420431863,False,1
0.030823552902355108,0.1951709797850682,0.00146784441727148,-0.2778776574991861,False,1
0.03472697249805647,2.81188998882409e-05,-0.004089708732712242,0.015267864596042013,False,0
0.03472753487605424,-0.19503494277226624,-0.0037843514407914012,0.30665763916477556,False,0
0.030826836020608914,0.00014072934743417087,0.00234880134250411,0.012783630694107817,False,1
0.030829650607557598,0.1952289170650595,0.002604473956386266,-0.2791572967161503,False,1
0.03473422894885879,6.990892405930871e-05,-0.0029786719779367403,0.01434593710909221,False,0
0.03473562712733998,-0.19500919798479185,-0.002691753235754896,0.3060875710792042,False,0
0.03083544316764414,0.00015100722466551697,0.0034299981858291885,0.012556949298865638,False,1
0.030838463312137448,0.19522360023744956,0.0036811371718065014,-0.2790418014773452,False,1
0.034742935316886436,4.932975674784568e-05,-0.001899698857740403,0.014799872558864668,False,0
0.03474392191202139,-0.19504532595545537,-0.0016037014065631097,0.30688281694773123,False,0
0.030843015392912284,9.944057831476338e-05,0.004533954932391515,0.013694555549067122,False,1
0.03084500420447858,0.1951560765768455,0.0048078460433728576,-0.277554412973232,False,1
0.03474812573601549,-3.413364764878746e-05,-0.0007432422160917832,0.016641019738725782,False,0
0.034747443063062516,0.19509846866089545,-0.00041042182131726757,-0.27627631607075415,False,1
0.03864941243628042,-1.762466772617377e-05,-0.005935948142732351,0.016277135260194364,False,0
0.0386490599429259,-0.19505394640028695,-0.005610405437528464,0.3070813052199695,False,0
0.03474798101492016,0.00014749882910869427,0.0005312206668709263,0.01263429503394009,False,1
0.03475093099150233,0.19526182762221636,0.0007839065675497281,-0.2798809779917338,False,1
0.03865616754394666,0.00012870272225884438,-0.004813712992284948,0.013049087932092363,False,0
0.03865874159839183,-0.19492388396551596,-0.0045527312336431005,0.3042093520217068,False,0
0.03476026391908151,0.00026265210799567007,0.0015314558067910352,0.010094083823888711,False,1
0.03476551696124142,0.195362606715294,0.0017333374832688095,-0.28210525707166123,False,1
0.0386727690955473,0.00021597443043464004,-0.003908767658164416,0.011123852588122596,False,0
0.03867708858415599,-0.19484970231364773,-0.003686290606401964,0.3025709577138396,False,0
0.03478009453788304,0.00032459192327671804,0.0023651285478748277,0.008727738501751625,False,1
0.03478658637634858,0.19541254419020956,0.0025396833179098604,-0.2832080242871543,False,1
0.03869483726015277,0.00025446118803179596,-0.0031244771678332257,0.010274822233458547,False,0
0.038699926483913405,-0.19482254172320398,-0.0029189807231640545,0.3019703035001489,False,0
0.03480347564944933,0.00034089036193366007,0.0031204253468389244,0.008368223417599963,False,1
0.034810293456688,0.19541795163358452,0.0032877898151909236,-0.2833285403209045,False,1
0.03871865248935969,0.00024926089318585976,-0.002378780991227166,0.010389521989319028,False,0
0.03872363770722341,-0.19483849473024398,-0.002170990551440785,0.30232096653046625,False,0
0.03482686781261853,0.00031433068673125675,0.0038754287791685402,0.00895414752971091,False,1
0.03483315442635316,0.1953804890794442,0.004054511729762758,-0.2825035195866696,False,1
0.03874076420794204,0.0002009413279307204,-0.0015955586619706332,0.011455418799475592,False,0
0.03874478303450066,-0.19489809114577178,-0.0013664502859811213,0.3036345009490994,False,0
0.03484682121158522,0.0002433073795542473,0.004706239733000867,0.010520940176030558,False,1
0.034851687359176306,0.19529744962950846,0.004916658536521478,-0.2806734036853369,False,1
0.038757636351766475,0.00010571059315184206,-0.0006968095371852594,0.013556157807084357,False,0
0.038759750563629514,-0.19500624055418622,-0.0004256863810435723,0.3060191514892308,False,0
0.03485962575254579,0.00012177415075756426,0.005694696648741044,0.013202004158766656,False,1
0.03486206123556094,0.1951615950165496,0.005958736731916377,-0.2776787515940172,False,1
0.03876529313589193,-4.485579431298681e-05,0.00040516170003603285,0.016877584539982504,False,0
0.03876439602000567,0.19507128258311282,0.0007427133908356829,-0.2756774814674908,False,1
0.04266582167166793,-6.125728525538388e-05,-0.0047708362385141334,0.017239605322171392,False,0
0.04266459652596282,-0.19511446530790078,-0.004426044132070706,0.3084134671423945,False,0
0.0387623072198048,7.027052502980857e-05,0.001742225210777184,0.014337978394270812,False,1
0.0387637126303054,0.1951671927546833,0.0020289847786626003,-0.27779474685708827,False,1
0.04266705648539906,1.635454637741174e-05,-0.0035269101584791654,0.015527429026524653,False,0
0.042667383576326615,-0.19505483932046938,-0.0032163615779486725,0.307095490509921,False,0
0.038766286789917226,0.00011279525247837041,0.002925548232249748,0.013399944229883831,False,1
0.038768542694966796,0.1951926684113444,0.0031935471168474247,-0.27835850331398804,False,1
0.04267239606319368,2.5304418511923332e-05,-0.0023736229494323363,0.01532995108657731,False,0
0.04267290215156392,-0.1950625258215409,-0.00206702392770079,0.30726302759900076,False,0
0.0387716516351331,-0.39015496237514696,0.0040782366242792245,0.5992933526654434,False,0
0.030968552387630164,-0.19509030679587652,0.016064103677588093,0.30789780077562756,False,1
0.027066746251712633,-0.00020089261864902896,0.022222059693100645,0.02032404125970011,False,1
0.027062728399339653,0.19459543815857339,0.022628540518294646,-0.26526556428921844,False,1
0.03095463716251112,-0.0008420541351653044,0.017323229232510277,0.034467845069780845,False,0
0.030937796079807813,0.19402724786939934,0.018012586133905894,-0.25269947499634426,False,1
0.0348183410371958,-0.0013472144246750306,0.012958596633979007,0.04561009127954019,False,0
0.0347913967487023,0.1935865436010019,0.013870798459569811,-0.24295627459729974,False,1
0.03866312762072233,-0.0017307613892328932,0.009011672967623816,0.054069383172678176,False,0
0.03862851239293767,0.19326082330154778,0.01009306063107738,-0.23575672146495236,False,1
0.04249372885896863,-0.0020038646219646683,0.0053779262017783335,0.06009270130028915,False,0
0.04245365156652933,0.19304056694054017,0.006579780227784117,-0.2308886125523471,False,1
0.04631446290534014,-0.0021747846277249128,0.0019620079767371746,0.06386251758367523,False,0
0.04627096721278564,0.19291898145332173,0.003239258328410679,-0.22820073830652154,False,1
0.05012934684185207,-0.0022491107315773806,-0.0013247564377197518,0.06550220436125309,False,0
0.050084364627220525,0.19289180880776197,-1.471235049468997e-05,-0.2275983963753095,False,1
0.053942200803375764,-0.002229932155550285,-0.004566680278000879,0.06507988960693756,False,0
0.053897602160264756,0.19295719431911623,-0.003265082485862128,-0.22904034653802086,False,1
0.05775674604664708,-0.002117946109772839,-0.007845889416622545,0.06261087182398639,False,0
0.05771438712445162,0.19311561266047686,-0.006593671980142817,-0.23253712056257037,False,1
0.06157669937766116,-0.001911505825845622,-0.011244414391394224,0.0580586723507065,False,0
0.061538469261144244,0.19336984961629747,-0.010083240944380093,-0.23815063110510276,False,1
0.0654058662534702,-0.001606610436258038,-0.01484625356648215,0.05133476879752569,False,0
0.06537373404474503,0.19372503832329696,-0.013819558190531636,-0.24599505317451176,False,1
0.06924823481121097,-0.0011968375927945418,-0.018739459254021873,0.04229702069607716,False,0
0.06922429805935508,-0.19604512708832456,-0.01789351884010033,0.3290090596027552,False,0
0.06530339551758858,-0.0006730775930939292,-0.011313337648045225,0.03073748566758594,False,1
0.0652899339657267,-0.19563097751696198,-0.010698587934693506,0.3198295707051848,False,0
0.06137731441538746,-0.00035830762111754844,-0.00430199652058981,0.023792004002411438,False,1
0.061370148262965114,0.19482507307462305,-0.003826156440541581,-0.2702451409015621,False,1
0.06526664972445757,-0.0002420696640346165,-0.009231059258572823,0.021228544200006083,False,0
0.06526180833117688,-0.19523042983478345,-0.0088064883745727,0.31098473008823935,False,0
