0.00928490600030965,-0.20185218867503799,-0.003156585603370169,0.329029181256519,False,0
0.005247862226808891,-0.3969290613101109,0.003423998021760211,0.6207149977698618,False,0
-0.0026907189993933276,-0.20185509514640462,0.015838297977157446,0.3291124172246905,False,1
-0.0067278209023214205,-0.006962153661550424,0.022420546321651257,0.041465936075278764,False,1
-0.006867063975552429,0.18783123586690426,0.023249865043156834,-0.24405962372302986,False,1
-0.003110439258214344,-0.007614952242636086,0.01836867256869624,0.05586526928463642,False,0
-0.0032627383030670656,-0.20299539884128046,0.019485977954388965,0.354286584410228,False,0
-0.0073226462798926745,-0.008155860847524288,0.026571709642593526,0.06781127656079855,False,1
-0.007485763496843161,0.18657525376047854,0.027927935173809496,-0.2163711197774068,False,1
-0.00375425842163359,0.38128705168723454,0.02360051277826136,-0.5001151764950267,False,1
0.0038714826121111013,0.5760684841903483,0.013598209248360825,-0.7852680547263513,False,1
0.015392852295918066,0.7710009844456862,-0.002107151846166201,-1.073642021298673,False,1
0.03081287198483179,0.9661507221306589,-0.023579992272139663,-1.366985480149066,False,1
0.05013588642744497,1.1615597869877388,-0.05091970187512099,-1.666949468594199,False,1
0.07336708216719975,0.9670657234039919,-0.08425869124700497,-1.3905504309453898,False,0
0.09270839663527959,0.7730882192407111,-0.11206969986591277,-1.1253591791633957,False,0
0.10817016102009382,0.5795989829831278,-0.13457688344918067,-0.8698255960652485,False,0
0.11976214067975638,0.386539105317641,-0.15197339537048565,-0.6223004791694019,False,0
0.1274929227861092,0.19382924381900854,-0.1644194049538737,-0.38107576326767667,False,0
0.13136950766248937,0.0013771170716472547,-0.17204092021922723,-0.14441261676346734,False,0
0.13139705000392232,-0.1909170352298986,-0.17492917255449658,0.08943958935711863,False,0
0.12757870929932436,-0.3831564116105948,-0.17314038076735422,0.32223068110186415,False,0
0.11991558106711246,-0.5754444733745651,-0.16669576714531695,0.5557009866655076,False,0
0.10840669159962116,-0.7678821339912769,-0.1555817474120068,0.7915743378031608,False,0
0.09304904891979562,-0.960564847862573,-0.1397502606559436,1.0315507219877995,False,0
0.07383775196254416,-1.1535791451855082,-0.11911924621618761,1.277296600323974,False,0
0.05076616905883399,-1.346998150946476,-0.09357331420970813,1.5304308719030897,False,0
0.023826206039904475,-1.5408756040448257,-0.06296469677164634,1.7925043670732557,False,0
-0.006991306040992039,-1.7352378715348964,-0.02711460943018123,2.0649706480189423,False,0
-0.04169606347168997,-1.9300734571769396,0.014184803530197618,2.3491458820159354,False,0
-0.08029753261522876,-1.735081413256858,0.061167721170516325,2.06085743359517,False,1
-0.11499916088036592,-1.5406343839611518,0.10238486984241972,1.7877044588341595,False,1
-0.14581184855958895,-1.3468000261402178,0.13813895901910292,1.528524105575861,False,1
-0.17274784908239332,-1.153588273606734,0.16870944113062014,1.2819510984562976,False,1
-0.195819614554528,-0.960968366879628,0.1943484630997461,1.0464889964146855,False,1
-0.21503898189212056,-0.7688818870304416,0.2152782430280398,0.820563118769627,True,1
0.04699295118801604,0.1709284625000804,0.0007915368240698473,-0.24862937120052264,False,1
0.050411520438017644,0.3660391007200041,-0.004181050599940606,-0.5410625250463559,False,1
0.05773230245241773,0.5612195698290061,-0.015002301100867725,-0.8350598950192887,False,1
0.06895669384899786,0.7565432213404213,-0.0317034990012535,-1.1324229129993935,False,1
0.08408755827580629,0.9520655099698903,-0.05435195726124137,-1.4348782343340822,False,1
0.1031288684752041,0.7576543721331249,-0.083049521947923,-1.1596637681571118,False,0
0.1182819559178666,0.5637068217522047,-0.10624279731106524,-0.8941336420980424,False,0
0.12955609235291068,0.37017363873107717,-0.1241254701530261,-0.6366473648658855,False,0
0.13695956512753224,0.17698132193197788,-0.1368584174503438,-0.3854876815144548,False,0
0.1404991915661718,-0.01595929634888532,-0.14456817108063288,-0.1388937785944121,False,0
0.14018000563919408,-0.20874663282139658,-0.14734604665252113,0.10491540550976575,False,0
0.13600507298276615,-0.4014834835994445,-0.1452477385423258,0.3477248375449331,False,0
0.12797540331077725,-0.5942730998143615,-0.13829324179142716,0.5913113289488394,False,0
0.11608994131449002,-0.7872156536444308,-0.12646701521245038,0.8374333061076298,False,0
0.1003456282416014,-0.9804045735160036,-0.10971834909029779,1.0878201195517563,False,0
0.08073753677128133,-1.1739222408511467,-0.08796194669926266,1.3441586672109145,False,0
0.05725909195425839,-0.9778108751030461,-0.06107877335504437,1.0253014385545582,False,1
0.03770287445219747,-0.7819311486833218,-0.040572744583953206,0.7140837464377798,False,1
0.022064251478531034,-0.5862716960410669,-0.02629106965519761,0.4089109830636089,False,1
0.010338817557709696,-0.3907870392703149,-0.018112849993925435,0.10805665026263411,False,1
0.002523076772303399,-0.19541027601331337,-0.015951716988672753,-0.19028530894079576,False,1
-0.001385128747962868,-0.39030043023196265,-0.01975742316748867,0.09732312385798181,False,0
-0.009191137352602121,-0.5851337231597176,-0.01781096069032903,0.3837077198701761,False,0
-0.020893811815796474,-0.779998328683676,-0.010136806292925508,0.6707221210720735,False,0
-0.036493778389469995,-0.974977896218045,0.003277636128515962,0.9601962761696384,False,0
-0.055993336313830896,-1.1701437515923943,0.022481561651908732,1.253907110043756,False,0
-0.07939621134567879,-1.3655463051776504,0.04755970385278385,1.5535458955524493,False,0
-0.1067071374492318,-1.5612050019393382,0.07863062176383284,1.8606793614996127,False,0
-0.13793123748801855,-1.3670284348361863,0.1158442089938251,1.5934080480378388,False,1
-0.16527180618474227,-1.1734559561271047,0.14771236995458187,1.338977514200854,False,1
-0.18874092530728437,-0.9804701753809679,0.17449192023859894,1.0959208501139692,False,1
-0.20835032881490373,-0.7880211972201522,0.19641033724087834,0.86267161812592,False,1
-0.22411075275930678,-0.5960374643597213,0.21366376960339672,0.6376068906250164,True,1
-0.006890211734449201,0.21998047765336498,-0.041804980567053625,-0.2832437816779162,False,1
-0.0024906021813819014,0.41567299399433233,-0.04746985620061195,-0.5888131757078907,False,1
0.005822857698504745,0.6114264077815648,-0.059246119714769764,-0.8960634242065968,False,1
0.01805138585413604,0.8072994165295388,-0.0771673881989017,-1.2067656083064655,False,1
0.03419737418472682,1.003328900874676,-0.10130270036503101,-1.5225994835615972,False,1
0.05426395220222034,0.8095661268184852,-0.13175469003626297,-1.2631774572098888,False,0
0.07045527473859005,0.6163514323321754,-0.15701823918046076,-1.0144912370345747,False,0
0.08278230338523355,0.4236323265420005,-0.17730806392115225,-0.7749427457138706,False,0
0.09125494991607357,0.23133466818217258,-0.19280691883542966,-0.5428743660295717,False,0
0.09588164327971702,0.03937045665276542,-0.2036644061560211,-0.3165982991047763,False,0
0.09666905241277232,-0.15235662750068701,-0.20999637213811664,-0.09441584675654133,True,0
-0.0489572932362231,-0.1582676528369531,0.02943603378974692,0.2996127320255081,False,0
-0.05212264629296216,-0.35379654531055504,0.03542828843025708,0.6014319576993356,False,0
-0.05919857719917326,-0.5493957084686263,0.047456927584243795,0.9050603279684182,False,0
-0.0701864913685458,-0.7451270980367323,0.06555813414361215,1.2122739607147612,False,0
-0.08508903332928044,-0.9410311103346608,0.08980361335790737,1.5247590161190063,False,0
-0.10390965553597366,-0.7471008742848482,0.12029879368028751,1.2614026531784124,False,1
-0.11885167302167063,-0.5537050968513976,0.14552684674385574,1.0086881464920536,False,1
-0.1299257749586986,-0.360793759425781,0.16570060967369682,0.7650138887734667,False,1
-0.13714165014721422,-0.16829396966314772,0.18100088744916615,0.5287125531736153,False,1
-0.14050752954047718,0.02388191251622948,0.19157513851263847,0.298081979301528,False,1
-0.14002989129015259,0.21583044162161782,0.197536778098669,0.07140578132392447,False,1
-0.13571328245772024,0.4076529252431967,0.1989648937251475,-0.1530335228637804,False,1
-0.12756022395285632,0.5994523810392878,0.19590422326787188,-0.3769463928480584,False,1
-0.11557117633207056,0.7913311248098086,0.1883652954109107,-0.6020309996668786,False,1
-0.09974455383587438,0.9833885524867509,0.17632467541757313,-0.8299688862661752,False,1
-0.08007678278613936,1.1757187060569017,0.15972529769224963,-1.0624197554186783,False,1
-0.056562408665001326,1.3684072166647776,0.13847690258387607,-1.3010136064358369,False,1
-0.029194264331705775,1.5615272004439107,0.11245663045515933,-1.5473383684824122,False,1
0.002036279677172438,1.3652490115370566,0.08150986308551109,-1.2217881906599097,False,0
0.02934125990791357,1.169176943239352,0.05707409927231289,-0.904719180507604,False,0
0.05272479877270061,0.9733304236413838,0.03897971566216081,-0.5946570650615326,False,0
0.07219140724552828,0.7776851968644263,0.027086574360930156,-0.2899550123344672,False,0
0.0877451111828168,0.5821876885044556,0.021287474114240812,0.011146161078898598,False,0
0.09938886495290591,0.38676701729604546,0.021510397335818783,0.31046879800003985,False,0
0.10712420529882682,0.1913453084848705,0.02771977329581958,0.6098571171652318,False,0
0.11095111146852424,-0.004152935532654889,0.039916915639124216,0.911140396559321,False,0
0.11086805275787114,0.19040680671666815,0.058139723570310636,0.6312657120679839,False,1
0.1146761888922045,0.38467142350103267,0.07076503781167032,0.35744459273033397,False,1
0.12236961736222515,0.5787197149077936,0.077913929666277,0.08788821324984186,False,1
0.13394401166038103,0.772643405035212,0.07967169393127384,-0.17923132028605393,False,1
0.14939687976108526,0.9665402045970856,0.07608706752555276,-0.44575522090658326,False,1
0.16872768385302697,1.160507891017491,0.0671719631074211,-0.7135169421152938,False,1
0.1919378416733768,1.3546387353813092,0.05290162426511522,-0.984322796939351,False,1
0.219030616381003,1.5490136311964142,0.033215168326328204,-1.2599314311365195,False,1
0.2500108890049313,1.7436952997818111,0.008016539703597812,-1.542029398285275,False,1
0.2848847950005675,1.9387199670054127,-0.02282404826210769,-1.8322001618101638,False,1
0.32365919434067575,1.7438579146043955,-0.05946805149831096,-1.5466929006689236,False,0
0.3585363526327637,1.5494983357208196,-0.09040190951168944,-1.2731421914961654,False,0
0.38952631934718007,1.3556386752388356,-0.11586475334161275,-1.0100821055640163,False,0
0.41663909285195677,1.1622376182074348,-0.1360663954528931,-0.7559136693194669,False,0
0.43988384521610546,0.9692273019143445,-0.15118466883928244,-0.5089543130712584,False,0
0.45926839125439234,0.7765224514357112,-0.1613637551007076,-0.26747337441442076,False,0
0.47479884028310654,0.973535308203954,-0.166713222588996,-0.6063889283480275,False,1
0.4942695464471856,1.1705476286666125,-0.17884100115595655,-0.9465971558853423,False,1
0.5176804990205178,0.9782259815067316,-0.1977729442736634,-0.7150152473592308,False,0
0.5372450186506524,0.7863111344550625,-0.21207324922084803,-0.4905215236781889,True,0
0.00758863137127231,-0.2406001785794294,0.04191297034346833,0.34406961022422156,False,0
0.0027766277996837223,-0.4362925406965559,0.04879436254795276,0.6496691677970152,False,0
-0.005949223014247395,-0.6320590022145209,0.06178774590389306,0.9573092063862186,False,0
-0.018590403058537812,-0.8279549648404556,0.08093393003161743,1.2687464619441684,False,0
-0.035149502355346925,-1.0240118373794322,0.1063088592705008,1.585637729740795,False,0
-0.055629739102935574,-1.2202250283401745,0.1380216138653167,1.9094919100450707,False,0
-0.08003423966973906,-1.0268359065227064,0.1762114520662181,1.6626165270049373,False,1
-0.10057095780019319,-0.8341496008900939,0.20946378260631685,1.4296012025456752,True,1
0.008141512567735152,0.17558746248191906,0.03997587343426967,-0.2936417385725094,False,1
0.011653261817373533,0.3701173390968592,0.03410303866281948,-0.5734536534954919,False,1
0.019055608599310717,0.5647449648983919,0.022633965592909644,-0.8552009921653786,False,1
0.030350507897278556,0.7595512703373721,0.005529945749602073,-1.1406817868634769,False,1
0.045541533304026,0.9546004990096064,-0.017283689987667467,-1.4316253606211506,False,1
0.06463354328421814,1.1499314470665065,-0.04591619720009048,-1.729659172849085,False,1
0.08763217222554827,0.9553630993653207,-0.08050938065707218,-1.4516088722029346,False,0
0.10673943421285469,0.7613172897107965,-0.10954155810113086,-1.1851271630462343,False,0
0.12196578000707062,0.567773239535414,-0.13324410136205556,-0.9286919990479797,False,0
0.1333212447977789,0.37467724648115797,-0.15181794134301516,-0.6806733295456814,False,0
0.14081478972740205,0.18195346111784647,-0.1654314079339288,-0.4393759914148949,False,0
0.14445385894975898,0.37898290840249443,-0.1742189277622267,-0.7793005092489064,False,1
0.15203351711780888,0.5760172761778393,-0.18980493794720482,-1.1213397183137814,False,1
0.16355386264136568,0.7730517717238141,-0.21223173231348044,-1.4670518621676476,True,1
-0.040593459309227455,0.19087740684923057,0.030904363002465983,-0.28755802799348373,False,1
-0.03677591117224284,0.38554531935311953,0.025153202442596306,-0.5703360288240031,False,1
-0.029065004785180447,0.580305656169167,0.013746481866116243,-0.8549898609123374,False,1
-0.017458891661797107,0.3849990887877796,-0.003353315352130508,-0.5580163507086449,False,0
-0.009758909886041514,0.1899243704675032,-0.014513642366303404,-0.26639179126357115,False,0
-0.00596042247669145,-0.004987463922156765,-0.019841478191574828,0.021678306787224544,False,0
-0.0060601717551345856,-0.1998193314596168,-0.019407912055830336,0.3080355714581807,False,0
-0.010056558384326921,-0.3946594419012848,-0.013247200626666723,0.5945351285156806,False,0
-0.017949747222352617,-0.5895934963514452,-0.0013564980563531108,0.8830159910046593,False,0
-0.029741617149381522,-0.7846969990461674,0.016303821763740078,1.175272165484963,False,0
-0.04543555713030487,-0.9800269610404019,0.039809265073439334,1.4730212794169728,False,0
-0.0650360963511129,-1.1756123156296108,0.0692696906617788,1.7778677053594847,False,0
-0.08854834266370512,-0.9813352813194077,0.10482704476896848,1.5075000290831144,False,1
-0.10817504829009328,-0.7876289048369117,0.13497704535063076,1.2492981786776187,False,1
-0.12392762638683151,-0.5944703291816851,0.15996300892418314,1.0017585131530353,False,1
-0.1358170329704652,-0.4018052644049388,0.17999817918724384,0.7632793136766562,False,1
-0.143853138258564,-0.2095584514734681,0.19526376546077698,0.5322021660494596,False,1
-0.14804430728803336,-0.01764126223117926,0.20590780878176618,0.3068404586594608,False,1
-0.14839713253265693,0.17404290913395976,0.21204461795495538,0.0854979967787318,True,1
0.03963438067751909,0.23485543744613294,-0.03388052561477681,-0.2621023058876908,False,1
0.04433148942644175,0.43044422132511095,-0.03912257173253062,-0.5652760809791035,False,1
0.05294037385294397,0.6260925819080642,-0.05042809335211269,-0.8700231617314759,False,1
0.06546222549110525,0.8218628994207382,-0.06782855658674221,-1.178124911837263,False,1
0.08189948347952002,1.0177969949251064,-0.09139105482348747,-1.4912765450658798,False,1
0.10225542337802215,0.8238985978430398,-0.12121658572480506,-1.2284743137464993,False,0
0.11873339533488295,0.6305269391475703,-0.14578607199973506,-0.9760956586755788,False,0
0.13134393411783435,0.4376291064242072,-0.16530798517324663,-0.7325277356039298,False,0
0.1400965162463185,0.24513022381490213,-0.17995853988532523,-0.4960952101957028,False,0
0.14499912072261653,0.052941326889807766,-0.1898804440892393,-0.26509002173776564,False,0
0.14605794726041268,-0.1390349825407914,-0.1951822445239946,-0.0377911962274077,False,0
0.14327724760959687,-0.33090048593371313,-0.19593806844854275,0.18752251879276283,False,0
0.1366592378909226,-0.5227583531962754,-0.1921876180726875,0.41256475359304834,False,0
0.12620407082699708,-0.7147107191202051,-0.18393632300082652,0.6390362062113214,False,0
0.11190985644459298,-0.906856393548387,-0.1711555988766001,0.8686199964014794,False,0
0.09377272857362523,-1.0992882914757987,-0.1537831989485705,1.102975868812149,False,0
0.07178696274410926,-1.2920901693436555,-0.13172368157232753,1.343731436793061,False,0
0.04594515935723614,-1.4853322338787995,-0.10484905283646631,1.592468574383937,False,0
0.01623851467966015,-1.2891337648674766,-0.07299968134878757,1.2690178712151643,False,1
-0.009544160617689382,-1.0931594761021204,-0.04761932392448428,0.9543964938913752,False,1
-0.03140735013973179,-1.2876095905269578,-0.028531394046656774,1.231746235967945,False,0
-0.057159541950270946,-1.4823532115447418,-0.0038964693272978725,1.5153556868355482,False,0
-0.08680660618116579,-1.6774277947683245,0.026410644409413094,1.8068197813042726,False,0
-0.12035516207653227,-1.8728342588729934,0.06254704003549855,2.1075910849615855,False,0
-0.15781184725399214,-1.6783916962413468,0.10469886173473025,1.8348744109981423,False,1
-0.19137968117881907,-1.4845719529588879,0.1413963499546931,1.5764620676366414,False,1
-0.22107112023799683,-1.2913899482594235,0.17292559130742594,1.3310130889363472,False,1
-0.2468989192031853,-1.098818634061478,0.19954585308615289,1.0970513700611495,False,1
-0.26887529188441484,-0.9068024118400632,0.2214868804873759,0.8730203089914472,True,1
-0.026907772702473038,0.24101759683083585,0.02030055879235876,-0.33269115648300196,False,1
-0.02208742076585632,0.4358448061649041,0.013646735662698722,-0.6189038001249065,False,1
-0.013370524642558237,0.6307735110451473,0.0012686596602005922,-0.9072576154384764,False,1
-0.0007550544216552903,0.825878263655628,-0.016876492648568935,-1.199541522998749,False,1
0.015762510851457273,1.0212144418893934,-0.040867323108543914,-1.4974655185014045,False,1
0.03618679968924514,0.8266123227151788,-0.070816633478572,-1.2178177139494866,False,0
0.05271904614354872,0.6324713352415,-0.09517298775756174,-0.9481388322632505,False,0
0.06536847284837873,0.43875073757316685,-0.11413576440282674,-0.6868116049296717,False,0
0.07414348759984206,0.24538258788742362,-0.12787199650142017,-0.43212968840663823,False,0
0.07905113935759053,0.05228112672129212,-0.13651459026955293,-0.18233435722069294,False,0
0.08009676189201638,-0.14065019727254385,-0.14016127741396678,0.06435943533524438,False,0
0.0772837579465655,-0.3335133970526599,-0.1388740887072619,0.3097446324233052,False,0
0.0706134900055123,-0.5264116894191179,-0.1326791960587958,0.5556085026850717,False,0
0.06008525621712994,-0.7194457336819513,-0.12156702600509436,0.8037213732815199,False,0
0.04569634154349092,-0.9127098268157321,-0.10549259853946397,1.0558252906041887,False,0
0.027442145007176278,-1.1062875327230433,-0.0843760927273802,1.3136203175711028,False,0
0.005316394352715411,-1.3002462233453451,-0.05810368637595814,1.5787461791640356,False,0
-0.020688530114191493,-1.4946300010671278,-0.026528762792677428,1.8527569253182565,False,0
-0.05058113013553405,-1.2992266611005925,0.010526375713687704,1.5519565078970652,False,1
-0.0765656633575459,-1.1042325085809743,0.04156550587162901,1.2625761809606935,False,1
-0.0986503135291654,-0.9096659386174657,0.06681702949084288,0.9831951431686731,False,1
-0.1168436323015147,-0.7154997581762778,0.08648093235421635,0.7122253670485714,False,1
-0.13115362746504025,-0.5216749545576485,0.10072543969518777,0.4479684023587108,False,1
-0.1415871265561932,-0.3281113249593731,0.10968480774236199,0.18865781006796833,False,1
-0.14814935305538068,-0.13471559160454358,0.11345796394372136,-0.06750980355838293,False,1
-0.15084366488747156,0.058612321162285874,0.1121077678725537,-0.3223520611382774,False,1
-0.14967141846422585,0.2519741858034472,0.10566072664978816,-0.5776834285794248,False,1
-0.14463193474815692,0.4454689206755691,0.09410705807819966,-0.8353003940834564,False,1
-0.13572255633464553,0.639187996448255,0.07740105019653054,-1.0969665995336964,False,1
-0.12293879640568042,0.8332102266292826,0.05546171820585662,-1.3643954067481001,False,1
-0.10627459187309476,1.0275953759848797,0.028173810070894614,-1.639227411843211,False,1
-0.08572268435339717,1.2223760260710959,-0.004610738165969606,-1.9230004329033843,False,1
-0.061275163831975246,1.0273038678127229,-0.04307074682403729,-1.6317508579937416,False,0
-0.04072908647572079,0.8327133985713321,-0.07570576398391213,-1.3527947341194426,False,0
-0.024074818504294146,0.6386192391955775,-0.10276165866630098,-1.0847236544101402,False,0
-0.011302433720382596,0.4449920178250756,-0.12445613175450379,-0.8259737778333687,False,0
-0.0024025933638810847,0.2517718129404851,-0.14097560731117117,-0.5748809296361767,False,0
0.002632842894928618,0.058878326034834255,-0.1524732259038947,-0.3297208104576422,False,0
0.003810409415625303,-0.13378158106162355,-0.15906764211304755,-0.08873731663894499,False,0
0.001134777794392832,-0.32630832472165605,-0.16084238844582646,0.14983801758273452,False,0
-0.005391388700040289,-0.5188053915621524,-0.15784562809417177,0.38777266408135336,False,0
-0.01576749653128334,-0.7113759166497576,-0.1500901748125447,0.6268233116659995,False,0
-0.029995014864278493,-0.904119528809652,-0.1375537085792247,0.8687273537847071,False,0
-0.04807740544047153,-1.0971289737305516,-0.12017916150353056,1.1151935042857701,False,0
-0.07001998491508256,-1.2904860337069661,-0.09787529141781515,1.3678894343897263,False,0
-0.09582970558922188,-1.484256252963883,-0.07051750273002062,1.6284242822619808,False,0
-0.12551483064849955,-1.6784819598029224,-0.03794901708478101,1.8983238028119642,False,0
-0.15908446984455799,-1.873173070029726,1.745897145827291e-05,2.1789958750176797,False,0
-0.19654793124515252,-1.6780512883280116,0.04359737647181187,1.8863183354473236,False,1
-0.23010895701171274,-1.4834295492400777,0.08132374318075834,1.6074766941774974,False,1
-0.2597775479965143,-1.2893576843427337,0.11347327706430829,1.3412138296880562,False,1
-0.285564701683369,-1.0958320069782528,0.14029755365806942,1.0860818088952557,False,1
-0.3074813418229341,-0.9028110819947818,0.16201918983597455,0.8405075308506669,False,1
-0.3255375634628297,-0.7102277720283956,0.17882934045298787,0.6028413107846595,False,1
-0.3397421189033976,-0.5179981397165941,0.19088616666868105,0.37139125147935276,False,1
-0.3501020816977295,-0.3260278636814431,0.1983139916982681,0.14444645652612284,False,1
-0.3566226389713584,-0.13421680419952883,0.20120292082879057,-0.0797080338932332,False,1
-0.359306975055349,0.05753770888880544,0.1996087601509259,-0.30278202484994055,False,1
-0.3581562208775729,0.24933836295476094,0.1935531196539271,-0.52647443439098,False,1
-0.3531694536184777,0.4412856775254719,0.1830236309661075,-0.75246907684083,False,1
-0.34434374006796825,0.6334757357733827,0.1679742494292909,-0.9824301531581731,False,1
-0.3316742253525006,0.8259974316595742,0.14832564636612744,-1.2179956935657796,False,1
-0.31515427671930907,1.0189288201527817,0.12396573249481185,-1.4607671514162774,False,1
-0.29477570031625344,1.212332129489907,0.09475038946648631,-1.7122932242572082,False,1
-0.2705290577264553,1.0162584753623676,0.06050452498134215,-1.3916870120153877,False,0
-0.25020388821920797,0.8204375629344466,0.032670784741034395,-1.0807156458273286,False,0
-0.23379513696051904,0.6248998848685959,0.011056471824487824,-0.7779621475165943,False,0
-0.22129713926314712,0.4296276554948923,-0.0045027711258440635,-0.48182117015910364,False,0
-0.21270458615324928,0.23456954927652476,-0.014139194529026136,-0.1905607871588575,False,0
-0.20801319516771877,0.03965269793617063,-0.017950410272203288,0.09762848028402277,False,0
-0.20722014120899535,-0.15520744663784342,-0.015997840666522833,0.384594470725663,False,0
-0.21032429014175222,-0.3500986636803588,-0.008305951252009572,0.6721907235371882,False,0
-0.2173262634153594,-0.15486224535317575,0.005137863218734193,0.3769042762465225,False,1
-0.2204235083224229,0.040186358009657946,0.012675948743664643,0.08584575795123289,False,1
-0.21961978116222974,0.23512433640862995,0.0143928639026893,-0.20281108890345279,False,1
-0.21491729443405713,0.43003752473362444,0.010336642124620245,-0.4909192331579763,False,1
-0.20631654393938464,0.6250121500229855,0.000518257461460718,-0.7803266283442765,False,1
-0.19381630093892493,0.8201269727138941,-0.015088275105424811,-1.0728464553892574,False,1
-0.17741376148464705,1.0154450833448012,-0.03654520421320996,-1.3702260575277505,False,1
-0.15710485981775102,0.8207988644018831,-0.06394972536376498,-1.0891935761235063,False,0
-0.14068888252971334,0.6265756214986867,-0.08573359688623511,-0.8172426326240603,False,0
-0.1281573700997396,0.432725406113764,-0.10207844953871631,-0.5527101015786515,False,0
-0.11950286197746432,0.23917394987324003,-0.11313265157028934,-0.2938531823360687,False,0
-0.11471938297999952,0.04583146367803381,-0.11900971521701072,-0.03888351048982919,False,0
-0.11380275370643884,-0.14740064880179957,-0.1197873854268073,0.2140081529309888,False,0
-0.11675076668247483,-0.34062449714968146,-0.11550722236818751,0.46663365244232796,False,0
-0.12356325662546846,-0.5339411988954941,-0.10617454931934095,0.7207927826613442,False,0
-0.13424208060337833,-0.7274465700067781,-0.09175869366611407,0.9782596290907595,False,0
-0.14879101200351388,-0.9212264440520294,-0.07219350108429888,1.2407674127032484,False,0
-0.16721554088455448,-1.1153510631732884,-0.047378152830233916,1.509989394975373,False,0
-0.18952256214802024,-1.3098679852686785,-0.017178364930726452,1.7875134004158422,False,0
-0.2157199218533938,-1.1145574834385354,0.01857190307759039,1.4895406822519595,False,1
-0.23801107152216452,-0.9196665385569904,0.04836271672262958,1.2027145048026273,False,1
-0.25640440229330436,-0.7252021288584016,0.07241700681868213,0.9255720525908865,False,1
-0.2709084448704724,-0.5311289842372761,0.09092844787049986,0.6564973203583713,False,1
-0.2815310245552179,-0.3373826122752952,0.10405839427766729,0.3937744945496959,False,1
-0.2882786768007238,-0.5338153768858457,0.11193388416866121,0.7173678144903026,False,0
-0.2989549843384407,-0.7302937932996402,0.12628124045846725,1.0430809641583672,False,0
-0.3135608602044335,-0.5370543036342852,0.1471428597416346,0.7925579326366723,False,1
-0.3243019462771192,-0.3442257053575547,0.16299401839436806,0.5495446576703843,False,1
-0.3311864603842703,-0.1517232427957031,0.17398491154777573,0.3123264862389554,False,1
-0.3342209252401844,0.040548445976058556,0.18023144127255483,0.07916699717121059,False,1
-0.3334099563206632,0.23269055712304718,0.18181478121597905,-0.1516761218511758,False,1
-0.3287561451782023,0.42480657315108983,0.17878125877895554,-0.38194069023539745,False,1
-0.3202600137151805,0.6169994149838011,0.17114244497424758,-0.6133528198422094,False,1
-0.30792002541550445,0.8093688198392445,0.15887538857740338,-0.8476207795059825,False,1
-0.29173264901871954,1.0020084993110139,0.14192297298728374,-1.0864279828869257,False,1
-0.27169247903249927,1.1950026373956397,0.12019441332954522,-1.3314231734610034,False,1
-0.24779242628458648,0.9985874742609203,0.09356594986032515,-1.0036738959200706,False,0
-0.22782067679936807,0.8023486302727072,0.07349247194192374,-0.6831349133205633,False,0
-0.21177370419391392,0.6062872560299866,0.05982977367551247,-0.3682493694732824,False,0
-0.19964795907331417,0.4103684694977263,0.05246478628604682,-0.05731755505889835,False,0
-0.19144058968335964,0.21453505043142332,0.05131843518486885,0.2514459566962822,False,0
-0.18714988867473117,0.01871927413780991,0.05634735431879449,0.5598639317682199,False,0
-0.18677550319197497,-0.17714639399087653,0.06754463295415888,0.8697535059099659,False,0
-0.1903184310717925,-0.3731189579094689,0.08493970307235821,1.1828850716061405,False,0
-0.19778081022998187,-0.17919563254403656,0.10859740450448102,0.9179910399168032,False,1
-0.2013647228808626,0.014303876108770597,0.12695722530281708,0.6613165258806208,False,1
-0.2010786453586872,0.20745202747127633,0.1401835558204295,0.4111512912603396,False,1
-0.19692960480926167,0.4003372809244377,0.14840658164563628,0.16574072423996564,False,1
-0.18892285919077292,0.5930576357502512,0.1517213961304356,-0.07669066673250646,False,1
-0.1770617064757679,0.7857157655433203,0.15018758279578545,-0.31792293048943576,False,1
-0.1613473911649015,0.9784151462465815,0.14382912418599675,-0.5597288441461552,False,1
-0.14177908823996985,1.1712566269601528,0.13263454730307364,-0.8038641419251498,False,1
-0.11835395570076679,1.364334928540996,0.11655726446457065,-1.0520575368029745,False,1
-0.09106725712994687,1.5577345705496495,0.09551611372851115,-1.3059983457878654,False,1
-0.059912565718953883,1.751524723868767,0.06939614681275384,-1.5673195181544626,False,1
-0.02488207124157854,1.9457524729918814,0.03804975644966459,-1.83757380284393,False,1
0.014032978218259086,1.7502313795473845,0.0012982803927859901,-1.5333205120042015,False,0
0.049037605809206776,1.5550938110766588,-0.02936812984729804,-1.2402327116527845,False,0
0.08013948203073995,1.3603610202421121,-0.05417278408035373,-0.9568924713070732,False,0
0.1073467024355822,1.166007790791447,-0.07331063350649519,-0.6817093070880431,False,0
0.13066685825141114,0.9719764162756115,-0.08694481964825605,-0.4129780291157973,False,0
0.15010638657692338,0.7781875779231502,-0.095204380230572,-0.1489223592453564,False,0
0.1656701381353864,0.5845487403341344,-0.09818282741547912,0.11227272873591942,False,0
0.17736111294206908,0.3909607475930108,-0.09593737284076073,0.3724368232647423,False,0
0.1851803278939293,0.5873053659116568,-0.08848863637546589,0.051111880179138536,False,1
0.19692643521216244,0.3935563496443547,-0.08746639877188311,0.31461660013261944,False,0
0.20479756220504952,0.1997821660308545,-0.08117406676923072,0.5784844055070053,False,0
0.2087932055256666,0.005886069408140349,-0.06960437865909061,0.8445318817201886,False,0
0.2089109269138294,-0.18822056960068687,-0.05271374102468684,1.1145396558053902,False,0
0.20514651552181565,-0.38261229500036237,-0.030422947908579034,1.390231551428505,False,0
0.1974942696218084,-0.5773423788158965,-0.002618316880008933,1.6732485454141628,False,0
0.18594742204549047,-0.7724338337040779,0.030846654028274325,1.9651149403645518,False,0
0.1704987453714089,-0.967868092067383,0.07014895283556537,2.2671943479902392,False,0
0.15114138353006124,-0.7734672698113544,0.11549283979537014,1.9969171689112455,False,1
0.13567203813383416,-0.5797268985494881,0.15543118317359506,1.7421220871405465,False,1
0.1240775001628444,-0.38667847018227547,0.19027362491640598,1.5015532726896197,False,1
0.11634393075919888,-0.1943074010659118,0.22030469037019837,1.2738078990995165,True,1
0.00754546488301792,0.17233584240639843,-0.015326602147295788,-0.32889297047546806,False,1
0.010992181731145889,0.3676725905065865,-0.02190446155680515,-0.6263695237734651,False,1
0.01834563354127762,0.5630933399160851,-0.03443185203227445,-0.9258697244719754,False,1
0.029607500339599323,0.7586629549858328,-0.052949246521713955,-1.2291712351295023,False,1
0.044780759439315976,0.9544247243529287,-0.077532671224304,-1.5379621591976647,False,1
0.06386925392637455,1.1503893958046978,-0.10829191440825729,-1.8537978794398533,False,1
0.0868770418424685,0.9566116577692949,-0.14536787199705437,-1.5966095828126639,False,0
0.1060092749978544,0.7634815182381465,-0.17730006365330764,-1.3525576712171614,False,0
0.12127890536261733,0.5709727446154786,-0.20435121707765086,-1.1201748607493833,False,0
0.1326983602549269,0.3790305253964753,-0.22675471429263852,-0.8979141721303442,True,0
0.01598483750652183,-0.1921773001166016,-0.0009417413570253755,0.3131736639199576,False,0
0.012141291504189798,-0.3872858228447021,0.0053217319213737764,0.6055594463161634,False,0
0.0043955750472957555,-0.5824817856700139,0.017432920847697046,0.899913826279879,False,0
-0.007254060666104521,-0.7778355832539643,0.03543119737329463,1.1980250159152588,False,0
-0.022810772331183806,-0.9733976860159594,0.059391697691599805,1.5015986549402314,False,0
-0.042278726051503,-1.1691883519658144,0.08942367079040443,1.8122177315535337,False,0
-0.06566249309081928,-0.9751691280257488,0.1256680254214751,1.5486072740647816,False,1
-0.08516587565133427,-0.7817595935031294,0.15664017090277071,1.2976299977811243,False,1
-0.10080106752139685,-0.588934613796244,0.1825927708583932,1.0577977820311668,False,1
-0.11257975979732174,-0.3966391906981722,0.20374872649901654,0.8275341432105705,False,1
-0.12051254361128519,-0.2047986177628648,0.22029940936322795,0.6052141623173714,True,1
0.039592169727342065,0.16987991464593222,0.0223049534357243,-0.30415860490540697,False,1
0.04298976802026071,0.3646770091996794,0.016221781337616162,-0.5897244519114422,False,1
0.05028330820425429,0.5595681086147388,0.004427292299387318,-0.8772536436901008,False,1
0.06147467037654907,0.754629611072684,-0.0131177805744147,-1.168541410159594,False,1
0.07656726259800276,0.5596807460893228,-0.03648860877760658,-0.8799997887481057,False,0
0.08776087751978921,0.36507301953662213,-0.0540886045525687,-0.5990077762549435,False,0
0.09506233791052165,0.17074789902046314,-0.06606876007766757,-0.3238406734808345,False,0
0.09847729589093092,-0.023374127661059535,-0.07254557354728426,-0.052703008271748175,False,0
0.09800981333770972,-0.21738493199038583,-0.07359963371271923,0.21623804972359256,False,0
0.093662114697902,-0.4113817652416586,-0.06927487271824738,0.4848267461741735,False,0
0.08543447939306884,-0.21535408462724154,-0.05957833779476391,0.17113997053383867,False,1
0.081127397700524,-0.019432240442118665,-0.056155538384087135,-0.1397270407877269,False,1
0.08073875289168163,-0.2137068203571956,-0.05895007919984167,0.1347244216708947,False,0
0.07646461648453771,-0.407937010751929,-0.05625559076642378,0.4082423381397378,False,0
0.06830587626949913,-0.6022180768850834,-0.048090744003629025,0.6826725076921902,False,0
0.05626151473179746,-0.7966403811231082,-0.03443729384978522,0.9598355662570159,False,0
0.040328707109335296,-0.6010728493922877,-0.015240582524644903,0.6565356347689774,False,1
0.028307250121489543,-0.4057420881092021,-0.0021098698292653546,0.3590929622735559,False,1
0.0201924083593055,-0.21059020735102693,0.005071989416205764,0.06574549141283281,False,1
0.015980604212284963,-0.015541340387732,0.0063868992444624205,-0.22533288730990475,False,1
0.015669777404530322,0.17948875010240237,0.0018802414982643251,-0.515994320632742,False,1
0.019259552406578367,0.3745841739075362,-0.008439644914390514,-0.808084148373997,False,1
0.02675123588472909,0.5698207621257964,-0.024601327881870454,-1.103409827236452,False,1
0.03814765112724502,0.7652575179740431,-0.046669524426599496,-1.4037083138675253,False,1
0.053452801486725876,0.570745199290684,-0.07474369070395,-1.1259733804981988,False,0
0.06486770547253956,0.3766780127536373,-0.09726315831391397,-0.857639546943139,False,0
0.07240126572761231,0.18300612860678778,-0.11441594925277675,-0.5970550614397298,False,0
0.07606138829974807,-0.010344518778531875,-0.12635705048157134,-0.34249033057890754,False,0
0.07585449792417744,-0.2034635603076961,-0.1332068570931495,-0.09217140981685495,False,0
0.07178522671802351,-0.39644966531704817,-0.1350502852894866,0.15569617356965917,False,0
0.06385623341168255,-0.5894055024985883,-0.1319363618180934,0.4029103074873127,False,0
0.05206812336171078,-0.7824335740279023,-0.12387815566834715,0.6512591562895486,False,0
0.03641945188115274,-0.975632351612831,-0.11085297254255617,0.902509473029413,False,0
0.016906804848896118,-1.1690921727653776,-0.09280278308196792,1.1583939818218651,False,0
-0.006475038606411434,-1.3628903669038006,-0.06963490344553061,1.4205955050153523,False,0
-0.033732845944487444,-1.557085078013498,-0.041222993345223564,1.6907254962849654,False,0
-0.06487454750475741,-1.7517072462315693,-0.007408483419524256,1.9702946097105505,False,0
-0.0999086924293888,-1.946750228021203,0.03199740877468676,2.260672979438473,False,0
-0.13884369698981286,-1.7519419307212245,0.07721086836345623,1.9780157422893525,False,1
-0.17388253560423736,-1.5577130265551717,0.11677118320924328,1.7102178266731025,False,1
-0.2050367961353408,-1.3641103973276745,0.15097553974270533,1.4560442984788722,False,1
-0.23231900408189426,-1.1711292385994208,0.1800964257122828,1.2140837303014207,False,1
-0.25574158885388265,-0.9787287593007719,0.20437810031831122,0.9828133021643186,False,1
-0.2753161640398981,-0.7868440369343117,0.2240343663615976,0.7606463738370471,True,1
-0.03378997983586791,0.17198707083448284,-0.02763269336970879,-0.2960054994612855,False,1
-0.03035023841917825,0.36749183161135535,-0.0335528033589345,-0.5972736652177355,False,1
-0.023000401786951143,0.5630668382742938,-0.045498276663289206,-0.9003337317171753,False,1
-0.011739065021465267,0.7587748087548538,-0.06350495129763271,-1.206963768268541,False,1
0.003436431153631809,0.9546571477039083,-0.08764422666300353,-1.5188529074071235,False,1
0.022529574107709976,0.760697450617453,-0.118021284811146,-1.2547645007934227,False,0
0.03774352312005903,0.5672677887949149,-0.14311657482701445,-1.001256140027336,False,0
0.04908887889595733,0.37431813341376063,-0.16314169762756117,-0.7567234317195298,False,0
0.05657524156423255,0.18177549468061055,-0.17827616626195178,-0.5194955608503874,False,0
0.06021075145784476,-0.01044792807117334,-0.18866607747895953,-0.2878662917156738,False,0
0.0600017928964213,-0.20244888375851516,-0.194423403313273,-0.06011471175733371,False,0
0.05595281522125099,-0.39432887221509294,-0.19562569754841969,0.16548147611338793,False,0
0.048066237776949135,-0.5861910558554859,-0.19231606802615192,0.39063763239347254,False,0
0.036342416659839415,-0.7781377892836705,-0.18450331537828246,0.6170566568917825,False,0
0.020779660874166002,-0.9702683247702308,-0.17216218224044683,0.8464243141232447,False,0
0.001374294378761385,-1.1626762776442199,-0.15523369595798192,1.080403583292119,False,0
-0.021879231174123014,-1.3554464379748605,-0.13362562429213953,1.3206262242643525,False,0
-0.048988159933620226,-1.5486504967584525,-0.10721309980685248,1.5686796750444212,False,0
-0.07996116986878928,-1.7423412239990372,-0.07583950630596406,1.8260872600477227,False,0
-0.11480799434877002,-1.5464645553816538,-0.039317761105009605,1.5108413627478634,False,1
-0.1457372854564031,-1.3508889585591026,-0.009100933850052336,1.2061482478003716,False,1
-0.17275506462758516,-1.1556505939241108,0.015022031105955097,0.9106271914040245,False,1
-0.19586807650606738,-0.9607351137569043,0.03323457493403559,0.6227032702529525,False,1
-0.21508277878120546,-0.7660925988715666,0.04568864033909464,0.3406698918722704,False,1
-0.2304046307586368,-0.5716494854822829,0.05250203817654005,0.062737374294074,False,1
-0.24183762046828244,-0.7674833464054973,0.05375678566242153,0.3715119108477478,False,0
-0.2571872873963924,-0.963326158344512,0.06118702387937648,0.6806486563527665,False,0
-0.27645381056328266,-0.7691050304501417,0.0747999970064318,0.40783990818121596,False,1
-0.2918359111722855,-0.5751189653696398,0.08295679517005612,0.1396451487896928,False,1
-0.3033382904796783,-0.3812770938220813,0.08574969814584998,-0.1257564085104071,False,1
-0.3109638323561199,-0.18748158939412798,0.08323456997564184,-0.3902020573349351,False,1
-0.3147134641440025,0.006366471730337414,0.07543052882894313,-0.6555247792165301,False,1
-0.3145861347093957,0.20036171855610443,0.062320033244612535,-0.9235346498796597,False,1
-0.3105789003382736,0.39458892142231733,0.043849340247019336,-1.1959996522837075,False,1
-0.3026871219098273,0.5891166374708499,0.019929347201345184,-1.474623172897828,False,1
-0.2909047891604103,0.7839894625866043,-0.009563116256611378,-1.7610155227403501,False,1
-0.2752249999086782,0.5889770238883694,-0.044783426711418384,-1.4713217537989784,False,0
-0.2634454594309108,0.39443045394522425,-0.07420986178739795,-1.192956407337962,False,0
-0.2555568503520063,0.20034400207276984,-0.09806898993415719,-0.9244256818404959,False,0
-0.25154997031055093,0.006673725782291057,-0.11655750357096711,-0.664102209332277,False,0
-0.2514164957949051,0.20320765931957893,-0.12983954775761267,-0.991093211352873,False,1
-0.24735234260851352,0.010039806184050343,-0.14966141198467012,-0.7418460273296208,False,0
-0.2471515464848325,-0.18273415508089383,-0.16449833253126253,-0.4997538178837606,False,0
-0.2508062295864504,-0.3752015335443535,-0.17449340888893775,-0.2630947245195943,False,0
-0.25831026025733744,-0.5674592055851082,-0.17975530337932963,-0.030128599748405593,False,0
-0.2696594443690396,-0.7596091096564747,-0.18035787537429773,0.20088831057901,False,0
-0.2848516265621691,-0.9517548549443857,-0.17634010916271753,0.43169368888816395,False,0
-0.30388672366105685,-1.1439989293960213,-0.16770623538495424,0.6640121934632816,False,0
-0.32676670224897725,-1.3364400384307633,-0.15442599151568862,0.8995491679464079,False,0
-0.3534955030175925,-1.5291701293287776,-0.13643500815676046,1.1399830610123813,False,0
-0.3840789056041681,-1.7222706570877846,-0.11363534693651284,1.386954613612095,False,0
-0.4185243187459238,-1.9158076298225988,-0.08589625466427094,1.6420507955985937,False,0
-0.45684047134237576,-2.109824945544938,-0.05305523875229906,1.9067813538389335,False,0
-0.49903697025327454,-2.3043355151261937,-0.014919611675520389,2.1825457413322424,False,0
-0.5451236805557984,-2.109072140374042,0.02873130315112446,1.885297073956023,False,1
-0.5873051233632792,-1.9142741577225246,0.06643724463024492,1.6016665352231996,False,1
-0.6255906065177297,-1.7199987105908485,0.0984705753347089,1.3304144473323862,False,1
-0.6599905807295466,-1.526247115162073,0.12507886428135662,1.070098529484202,False,1
-0.6905155230327881,-1.332981042754471,0.14648083487104066,0.819141538176041,False,1
-0.7171751438878775,-1.1401349805565597,0.16286366563456148,0.5758817948150752,False,1
-0.7399778434990087,-0.9476255216780398,0.17438130153086298,0.3386093460941979,False,1
-0.7589303539325696,-0.7553581373762028,0.18115348845274695,0.10559080344829166,False,1
-0.7740375166800937,-0.5632320772307908,0.18326530452171277,-0.12491420708639933,False,1
-0.7853021582247095,-0.3711439888698531,0.1807670203799848,-0.3546423376088903,False,1
-0.7927250380021066,-0.1789907853695219,0.173674173627807,-0.5853192108796164,False,1
-0.796304853709497,-0.376065343157314,0.16196778941021467,-0.24335049964526034,False,0
-0.8038261605726432,-0.5730855302810166,0.15710077941730946,0.09572244395372448,False,0
-0.8152878711782635,-0.3805232438965632,0.15901522829638395,-0.1435660148069723,False,1
-0.8228983360561948,-0.18799359341744315,0.1561439080002445,-0.3821632666420241,False,1
-0.8266582079245437,0.004606595087189719,0.148500642667404,-0.6218288751476001,False,1
-0.8265660760227999,-0.1922427786404684,0.13606406516445202,-0.2863056922147118,False,0
-0.8304109315956092,-0.3890163281006819,0.1303379513201578,0.04600614737411218,False,0
-0.8381912581576229,-0.19598083945618527,0.13125807426764005,-0.20288014785730876,False,1
-0.8421108749467465,-0.392711835935403,0.1272004713104939,0.128157093093944,False,0
-0.8499651116654546,-0.589404770024964,0.12976361317237278,0.45810902122295094,False,0
-0.8617532070659539,-0.7860994177662733,0.1389257935968318,0.7887139559221934,False,0
-0.8774751954212794,-0.9828281461950236,0.15470007271527567,1.1216768472902865,False,0
-0.8971317583451799,-0.7900353789414954,0.17713360966108138,0.881241879885071,False,1
-0.9129324659240098,-0.9870637439066774,0.1947584472587828,1.2239653955583258,False,0
-0.9326737408021434,-1.184085924240537,0.2192377551699493,1.5708091348257074,True,0
-0.028238760926515658,0.23152032596835592,-0.006359768152091397,-0.26090726736035835,False,1
-0.02360835440714854,0.42673248302208844,-0.011577913499298563,-0.5555893404348393,False,1
-0.01507370474670677,0.6220150616835508,-0.02268970030799535,-0.8518974062265999,False,1
-0.002633403513035754,0.8174388808223262,-0.03972764843252735,-1.1516278812656142,False,1
0.01371537410341077,1.0130560164689921,-0.06276020605783963,-1.456498916845283,False,1
0.03397649443279061,0.8187578953365706,-0.0918901843947453,-1.1840649192201567,False,0
0.050351652339522025,0.6249402775646995,-0.11557148277914844,-0.9215427589213392,False,0
0.06285045789081602,0.43155369128504023,-0.1340023379575752,-0.6673004159594063,False,0
0.07148153171651682,0.23852467212171674,-0.14734834627676333,-0.41963149993746013,False,0
0.07625202515895116,0.04576425377632107,-0.15574097627551253,-0.17678786599417884,False,0
0.07716731023447758,-0.14682576642217982,-0.1592767335953961,0.06299777843793183,False,0
0.07423079490603399,-0.3393481454206255,-0.15801677802663747,0.3014963818826406,False,0
0.06744383199762148,-0.5319065055273027,-0.15198685038898466,0.5404715421450892,False,0
0.05680570188707543,-0.7246021007399837,-0.14117741954608287,0.7816706062934378,False,0
0.042313659872275755,-0.917530537592051,-0.12554400742021413,1.0268156749813186,False,0
0.023963049120434735,-1.1107779658633072,-0.10500769392058776,1.2775923870285188,False,0
0.0017474898031685886,-1.3044162506548038,-0.07945584618001739,1.5356343467447189,False,0
-0.024340835209927487,-1.4984966213316377,-0.04874315924512301,1.8025009833919268,False,0
-0.054310767636560245,-1.693041280214331,-0.012693139577284476,2.0796465621334996,False,0
-0.08817159324084686,-1.497793168548832,0.02889979166538552,1.7830663046558097,False,1
-0.1181274566118235,-1.303007723977344,0.06456111775850171,1.4995054986946288,False,1
-0.14418761109137038,-1.1087267458605852,0.09455122773239429,1.2276589485126945,False,1
-0.16636214600858207,-0.914940296976908,0.11910440670264817,0.9660342967822454,False,1
-0.18466095194812024,-0.7216019212143756,0.13842509263829308,0.7130152698472492,False,1
-0.19909299037240774,-0.5286403074452422,0.15268539803523806,0.46690863284190887,False,1
-0.2096657965213126,-0.3359679835425512,0.16202357069207624,0.22597770364221514,False,1
-0.2163851561921636,-0.1434876991484157,0.16654312476492053,-0.011534526825533908,False,1
-0.21925491017513193,0.048902860969283785,0.16631243422840986,-0.24738976765450885,False,1
-0.21827685295574625,0.24130744403140916,0.16136463887531968,-0.4833436672507597,False,1
-0.21345070407511807,0.43382814390480234,0.15169776553030448,-0.7211375603213255,False,1
-0.20477414119702203,0.6265623720931621,0.13727501432387798,-0.9624905604395599,False,1
-0.1922428937551588,0.819599414157103,0.11802520311508678,-1.2090899335133398,False,1
-0.17585090547201673,1.0130160995079132,0.09384340444481998,-1.4625776871520002,False,1
-0.15559058348185847,1.2068710958590603,0.06459185070177997,-1.7245312375722683,False,1
-0.13145316156467726,1.0110723480686592,0.030101225950334605,-1.4124687707880073,False,0
-0.11123171460330408,0.8155904986551158,0.0018518505345744597,-1.1105304047882247,False,0
-0.09491990463020177,0.6204442663585228,-0.020358757561190037,-0.8172671145158161,False,0
-0.08251101930303131,0.42560685144907295,-0.036704099851506355,-0.5310566183296932,False,0
-0.07399888227404985,0.2310198942904343,-0.04732523221810022,-0.25016135245578247,False,0
-0.06937848438824117,0.036604591657008634,-0.05232845926721587,0.02722666655761219,False,0
-0.068646392555101,-0.15772939850644413,-0.051783925936063624,0.30295109219800115,False,0
-0.07180098052522987,-0.3520765547731929,-0.0457249040921036,0.5788633757048778,False,0
-0.07884251162069374,-0.5465288731632248,-0.03414763657800604,0.856798552678198,False,0
-0.08977308908395823,-0.7411693290876841,-0.01701166552444208,1.1385515769348558,False,0
-0.10459647566571191,-0.9360647419307836,0.0057593660142550365,1.425851207208573,False,0
-0.12331777050432759,-0.7410144365841232,0.0342763901584265,1.134973845829824,False,1
-0.13813805923601005,-0.5463573330845644,0.05697586707502297,0.8532349820922118,False,1
-0.14906520589770134,-0.3520563889955878,0.0740405667168672,0.5789983434511345,False,1
-0.1561063336776131,-0.15804589746282272,0.08562053358588989,0.3105279601693615,False,1
-0.15926725162686955,0.03575846341253602,0.09183109278927712,0.04602802696851388,False,1
-0.15855208235861884,0.22945182157079227,0.09275165332864739,-0.21632740484841656,False,1
-0.153963045927203,0.4231338534306004,0.08842510523167905,-0.4783717780783201,False,1
-0.145500368858591,0.6169034040663488,0.07885766967011265,-0.7419274154806192,False,1
-0.13316230077726401,0.8108533414080947,0.06401912136050027,-1.0087880934375566,False,1
-0.11694523394910211,1.005065026222094,0.04384335949174913,-1.2807000819244063,False,1
-0.09684393342466023,1.1996017957101928,0.018229357853261005,-1.5593390027931553,False,1
-0.07285189751045637,1.0042664577300566,-0.012957422202602101,-1.2610255439322169,False,0
-0.052766568355855234,0.809312607391345,-0.03817793308124644,-0.9724286924122845,False,0
-0.03658031620802833,0.6147231820311465,-0.05762650692949213,-0.6919788329160921,False,0
-0.024285852567405404,0.4204460996119371,-0.07146608358781398,-0.41797976159880174,False,0
-0.01587693057516666,0.22640581149555777,-0.07982567881979001,-0.14865544216125154,False,0
-0.011348814345255507,0.03251231283777262,-0.08279878766301504,0.11781482737553878,False,0
-0.010698568088500055,-0.1613317059207502,-0.08044249111550426,0.38326969248826626,False,0
-0.013925202206915059,-0.3552248724545334,-0.07277709726573894,0.6495443443897138,False,0
-0.021029699656005728,-0.5492616388673524,-0.05978621037794467,0.9184514626534759,False,0
-0.03201493243335277,-0.7435266358026519,-0.04141718112487515,1.1917616524192263,False,0
-0.04688546514940581,-0.5478932951728003,-0.017581948076490623,0.886390124782693,False,1
-0.05784333105286181,-0.35253713963101707,0.0001458544191632362,0.5882323559693262,False,1
-0.06489407384548215,-0.5476611330753639,0.01191050153854976,0.8809612242216991,False,0
-0.07584729650698943,-0.7429428372491614,0.029529726022983743,1.1773646083855585,False,0
-0.09070615325197266,-0.9384356424171619,0.05307701819069491,1.4791564501943202,False,0
-0.1094748661003159,-0.7440002648402024,0.08266014719458131,1.2035114230648634,False,1
-0.12435487139711995,-0.5500384646935048,0.10673037565587858,0.9378365370255266,False,1
-0.13535564069099004,-0.3565048770096959,0.1254871063963891,0.6805072363685832,False,1
-0.14248573823118396,-0.163328630966101,0.13909725112376076,0.42981779596815634,False,1
-0.145752310850506,0.029577740737061597,0.1476936070431239,0.1840158464733189,False,1
-0.14516075603576475,0.2223116865936912,0.15137392397259028,-0.058673433389621554,False,1
-0.14071452230389092,0.41497566401102415,0.15020045530479784,-0.3000305137111263,False,1
-0.13241500902367043,0.6076732048070451,0.1441998450305753,-0.5418293999269652,False,1
-0.12026154492752952,0.8005054637197587,0.133363257032036,-0.7858277548051202,False,1
-0.10425143565313436,0.993567732392976,0.1176467019359336,-1.033756978897582,False,1
-0.08438008100527483,1.1869454184130939,0.09697156235798196,-1.2873100555287138,False,1
-0.06064117263701295,1.3807089869864113,0.07122536124740769,-1.5481249607757914,False,1
-0.033026992897284724,1.5749073499056834,0.04026286203189186,-1.817761378132055,False,1
-0.001528845899171058,1.7695591789827447,0.003907634469250763,-2.0976684079759877,False,1
0.033862337680483835,1.5743981801910838,-0.03804573369026899,-1.803780303199261,False,0
0.06535030128430551,1.3797212048005467,-0.07412133975425422,-1.523158905032207,False,0
0.09294472538031645,1.1855686643302088,-0.10458451785489836,-1.2545014552975629,False,0
0.11665609866692063,0.9919298213930379,-0.12967454696084962,-0.996322074309299,False,0
0.13649469509478138,0.7987579333949819,-0.1496009884470356,-0.7470146001842938,False,0
0.15246985376268102,0.6059818094482667,-0.16454128045072147,-0.5048990122974704,False,0
0.16458948995164635,0.4135143730588719,-0.17463926069667088,-0.2682543201189622,False,0
0.1728597774128238,0.22125888916761272,-0.1800043470990501,-0.03534096169990111,False,0
0.17728495519617604,0.029113490404645448,-0.18071116633304812,0.19558442001051957,False,0
0.17786722500426896,-0.16302542124654223,-0.17679947793283773,0.42625925207293724,False,0
0.17460671657933813,-0.35526038225152573,-0.168274292891379,0.658408076764935,False,0
0.16750150893430762,-0.5476902159631409,-0.15510613135608028,0.8937363022082129,False,0
0.1565477046150448,-0.7404070770611537,-0.13723140531191602,1.1339227081517513,False,0
0.14173956307382174,-0.9334927486070999,-0.11455295114888099,1.3806087678326178,False,0
0.12306970810167975,-1.1270137308797568,-0.08694077579222864,1.6353827725642551,False,0
0.10052943348408461,-1.3210146348270175,-0.05423312034094354,1.8997566258530134,False,0
0.07410914078754426,-1.1253493576282925,-0.01623798782388327,1.5907535044737366,False,1
0.0516021536349784,-0.9300384248679495,0.015577082265591465,1.2930519694100182,False,1
0.03300138513761941,-0.7351178877534459,0.04143812165379183,1.0052861124458083,False,1
0.018299027382550494,-0.5405731246447678,0.06154384390270799,0.7258987956717093,False,1
0.007487564889655138,-0.34635371582367114,0.07606181981614218,0.4532037039719034,False,1
0.0005604905731817151,-0.5424642176337733,0.08512589389558026,0.7688595524266963,False,0
-0.010288793779493752,-0.34861071004352095,0.10050308494411418,0.5041290103407845,False,1
-0.01726100798036417,-0.15503814230052132,0.11058566515092988,0.24473355213035536,False,1
-0.020361770826374595,0.03834485734045698,0.11548033619353698,-0.01112310638752978,False,1
-0.019594873679565455,0.23163757533485224,0.11525787406578639,-0.26525525089456437,False,1
-0.01496212217286841,0.42494198782844556,0.1099527690478951,-0.5194772147123112,False,1
-0.006463282416299499,0.6183582147918498,0.09956322475364887,-0.7755885575819705,False,1
0.005903881879537498,0.8119800588128183,0.08405145360200945,-1.035359754902871,False,1
0.022143483055793865,1.0058900568241005,0.06334425850395203,-1.300515885666394,False,1
0.04226128419227587,0.8100239670508225,0.03733394079062415,-0.9886952274923297,False,0
0.05846176353329232,0.6144226256348131,0.01756003624077756,-0.6845240379138672,False,0
0.07075021604598858,0.4190613240234824,0.0038695554825002153,-0.38636487945542836,False,0
0.07913144252645823,0.6141281305393957,-0.0038577421066083523,-0.677825252140551,False,1
0.09141400513724615,0.41905998766055674,-0.017414247149419373,-0.386359388464326,False,0
0.09979520489045729,0.2241895194186534,-0.025141434918705893,-0.0992175366090815,False,0
0.10427899527883036,0.02943674535200136,-0.027125785650887524,0.185428499939991,False,0
0.1048677301858704,-0.16528680176147953,-0.023417215652087705,0.4694323647973833,False,0
0.10156199415064081,-0.3600702585238035,-0.014028568356140038,0.7546434119344725,False,0
0.09436058898016474,-0.1647577497972081,0.0010642998825494132,0.4575792127877933,False,1
0.09106543398422057,0.03034913905152395,0.010215884138305278,0.16523194937426633,False,1
0.09167241676525105,-0.16491754951573437,0.013520523125790605,0.46112011590071533,False,0
0.08837406577493637,-0.3602279642033105,0.022742925443804914,0.7580338733073442,False,0
0.08116950649087015,-0.16542669011359032,0.037903602909951796,0.472593371950545,False,1
0.07786097268859835,0.029140001904515267,0.047355470348962696,0.1920939479647873,False,1
0.07844377272668865,0.22355364825760743,0.05119734930825844,-0.08528229206509352,False,1
0.0829148456918408,0.417905757284315,0.04949170346695657,-0.3613830209124089,False,1
0.09127296083752709,0.612290576332689,0.04226404304870839,-0.6380586020988093,False,1
0.10351877236418087,0.8067984954033554,0.029502871006732205,-0.9171380099851986,False,1
0.11965474227224798,1.0015093876962164,0.011160110807028233,-1.2004046617239081,False,1
0.13968493002617233,1.1964852119347689,-0.01284798242744993,-1.489569180904196,False,1
0.16361463426486772,1.3917612320193322,-0.04263936604553385,-1.7862362385226755,False,1
0.19144985890525437,1.197143237246846,-0.07836409081598736,-1.5071067599802976,False,0
0.2153927236501913,1.0030541044257721,-0.10850622601559332,-1.2398819890708281,False,0
0.23545380573870675,0.8094797935244056,-0.13330386579700987,-0.9830664157093486,False,0
0.25164340160919485,0.6163713369426991,-0.15296519411119686,-0.7350489319100215,False,0
0.26397082834804886,0.4236561308714806,-0.1676661727493973,-0.49414804175012955,False,0
0.27244395096547847,0.23124627680124943,-0.1775491335843999,-0.25864374893207454,False,0
0.27706887650150347,0.03904463218717219,-0.18272200856304138,-0.026799160590288668,False,0
0.2778497691452469,-0.15305079987838674,-0.18325799177484717,0.20312535058250425,False,0
0.27478875314767914,-0.3451435729130178,-0.17919548476319708,0.43286288837667186,False,0
0.2678858816894188,-0.5373360834735976,-0.17053822699566365,0.6641334318606951,False,0
0.25713916001994686,-0.7297269796856817,-0.15725555835844976,0.8986378562186281,False,0
0.24254462042623323,-0.922408252996386,-0.13928280123407719,1.1380506509515949,False,0
0.2240964553663055,-1.1154615744511496,-0.11652178821504529,1.384009417194213,False,0
0.2017872238772825,-1.3089534182861164,-0.08884159987116103,1.6380991470295823,False,0
0.17560815551156017,-1.502928488220686,-0.05607961693056938,1.9018291632655875,False,0
0.14554958574714644,-1.6974009428813652,-0.018043033665257627,2.176600497926368,False,0
0.11160156688951914,-1.8923429346544247,0.02548897629326973,2.4636615251178657,False,0
0.07375470819643065,-2.0876700744252794,0.07476220679562705,2.7640500112881456,False,0
0.032001306707925066,-1.8931390119608635,0.13004320702138997,2.495028138598329,False,1
-0.005861473531292204,-1.6993120378090232,0.17994376979335655,2.2448676385915953,False,1
-0.03984771428747267,-1.506287873679013,0.22484112256518846,2.0126247445798455,True,1
-0.02544811163054966,0.18686611038934892,0.040169513593691454,-0.2643661491753199,False,1
-0.02171078942276268,0.3813923748410335,0.034882190610185056,-0.5441135020919529,False,1
-0.01408294192594201,0.576007223506884,0.023999920568345996,-0.8256049079375664,False,1
-0.0025627974558043286,0.7707928634054492,0.007487822409594669,-1.110643925687591,False,1
0.012853059812304656,0.9658156433314171,-0.014725056104157152,-1.400968495570217,False,1
0.032169372678933,1.1611174494277552,-0.0427444260155615,-1.6982184552688655,False,1
0.055391721667488104,0.9665135406708547,-0.07670879512093881,-1.419142254894079,False,0
0.07472199248090519,0.7724202262097362,-0.10509164021882039,-1.1513887068872906,False,0
0.09017039700509992,0.5788145795910822,-0.1281194143565662,-0.8934225351886487,False,0
0.10174668859692157,0.3856412562158774,-0.14598786506033917,-0.6436015877823698,False,0
0.10945951372123912,0.19282313600414283,-0.15885989681598656,-0.4002191464254873,False,0
0.11331597644132198,0.0002691935563475245,-0.1668642797444963,-0.16153372381144643,False,0
0.11332136031244892,-0.1921197446810202,-0.17009495422072524,0.07421062858672697,False,0
0.10947896541882852,-0.3844467310170392,-0.1686107416489907,0.3087706903058135,False,0
0.10179003079848774,-0.5768153474664401,-0.16243532784287443,0.5438945951584225,False,0
0.09025372384915893,-0.7693267635944392,-0.15155743593970597,0.78131423964343,False,0
0.07486718857727015,-0.9620767242111864,-0.13593115114683738,1.0227374793442687,False,0
0.05562565409304642,-1.1551520039511476,-0.11547640155995201,1.2698380852444506,False,0
0.03252261401402347,-1.3486258591102793,-0.090079639855063,1.5242414064634067,False,0
0.005550096831817883,-1.5425519871064681,-0.059594811725794866,1.7875035964204158,False,0
-0.02530094291031148,-1.346813848594171,-0.02384473979738655,1.4769071079961762,False,1
-0.0522372198821949,-1.1514089244387014,0.005693402362536976,1.1768733548804469,False,1
-0.07526539837096893,-0.9563613926220302,0.029230869460145914,0.8859806502187559,False,1
-0.09439262622340953,-0.7616482038582361,0.046950482464521034,0.6026282886290482,False,1
-0.10962559030057425,-0.5672133116820629,0.059003048237102,0.32509571405453763,False,1
-0.12096985653421552,-0.37297892835509794,0.06550496251819275,0.05158797456898356,False,1
-0.1284294351013175,-0.17885442097098836,0.06653672200957242,-0.21972959396104774,False,1
-0.13200652352073725,0.015256455035135591,0.06214213013035146,-0.49070426369196696,False,1
-0.13170139442003453,0.20944927824511256,0.05232804485651212,-0.7631732218038618,False,1
-0.1275124088551323,0.40381295184102045,0.03706458042043489,-1.0389422396353236,False,1
-0.11943614981831188,0.5984232988344775,0.016285735627728417,-1.3197627769732823,False,1
-0.10746768384162234,0.40309929088085705,-0.010109519911737228,-1.0220278231913271,False,0
-0.0994056980240052,0.20811347111588205,-0.03055007637556377,-0.7325361876562554,False,0
-0.09524342860168757,0.01342668019040677,-0.04520080012868888,-0.4496225930042108,False,0
-0.09497489499787944,-0.18102776953777688,-0.054193251988773096,-0.17152334743135794,False,0
-0.09859545038863497,-0.3753338710910621,-0.05762371893740025,0.10358289683765926,False,0
-0.10610212781045622,-0.569584701352786,-0.055552061000647066,0.37754352037979255,False,0
-0.11749382183751195,-0.7638754868956728,-0.04800119059305121,0.6522062168230571,False,0
-0.1327713315754254,-0.9582972473820875,-0.03495706625659007,0.9293960133424932,False,0
-0.15193727652306716,-1.15293032816982,-0.016369145989740205,1.2108919875293669,False,0
-0.17499588308646355,-1.3478371577764023,0.007848693760847132,1.498400749999787,False,0
-0.2019526262419916,-1.5430535942695154,0.03781670876084287,1.7935238777689793,False,0
-0.2328136981273819,-1.348375184042165,0.07368718631622245,1.5128305078023532,False,1
-0.25978120180822517,-1.1542188104630196,0.10394379647226952,1.2440306955139673,False,1
-0.2828655780174856,-0.960572730681093,0.12882441038254888,0.98563380001903,False,1
-0.3020770326311074,-0.7673894690903753,0.14853708638292948,0.7360298015680102,False,1
-0.31742482201291494,-0.5745973027954455,0.16325768241428967,0.4935354065283606,False,1
-0.32891676806882386,-0.382108772734303,0.17312839054485687,0.2564267085063723,False,1
-0.3365589435235099,-0.1898268792709908,0.17825692471498433,0.022961448877291235,False,1
-0.3403554811089297,0.0023504032119239793,0.17871615369253016,-0.2086062577049896,False,1
-0.34030847304469125,0.19452671647930592,0.17454402853843037,-0.44001616238328084,False,1
-0.3364179387151051,0.3868044972995124,0.16574370529076476,-0.6729948011831981,False,1
-0.3286818487691149,0.5792822740761172,0.1522838092671008,-0.9092490204865038,False,1
-0.3170962032875925,0.7720516333769345,0.13409882885737073,-1.1504581447109445,False,1
-0.3016551706200538,0.9651934087881712,0.11108966596315184,-1.3982628288892183,False,1
-0.2823513024442904,1.1587726266922946,0.08312440938536747,-1.6542485624741858,False,1
-0.2591758499104445,1.3528317179569476,0.050039438135883754,-1.9199216731248083,False,1
-0.23211921555130555,1.5473814894187918,0.011641004673387585,-2.196675593972206,False,1
-0.2011715857629297,1.352149341011828,-0.03229250720605654,-1.9004248354301492,False,0
-0.17412859894269314,1.157391281415048,-0.07030100391465952,-1.6179324010950251,False,0
-0.1509807733143922,0.9631649616489957,-0.10265965193656001,-1.347964033124938,False,0
-0.13171747408141227,0.769472154885277,-0.12961893259905877,-1.0890834268257432,False,0
-0.11632803098370673,0.5762749845904735,-0.15140060113557363,-0.8397200506150408,False,0
-0.10480253129189726,0.7731038447843783,-0.16819500214787445,-1.1759279159696376,False,1
-0.08934045439620969,0.969963218002443,-0.1917135604672672,-1.5162665248001412,False,1
-0.06994119003616082,0.7776074621131703,-0.22203889096327004,-1.2890382200360426,True,0
0.013861853364915131,-0.19902080118988985,-0.002589994429902807,0.30215980162128064,False,0
0.009881437341117336,-0.3941057432110886,0.0034532016025228063,0.5940247756598022,False,0
0.0019993224768955643,-0.5892758589166592,0.015333697115718851,0.8877934429789482,False,0
-0.009786194701437621,-0.784602532737857,0.033089565975297816,1.1852569404425333,False,0
-0.02547824535619476,-0.9801376873638201,0.056794704784148484,1.488125672813811,False,0
-0.045080999103471166,-1.1759036125513387,0.0865572182404247,1.7979897532036944,False,0
-0.06859907135449794,-0.9818502896257114,0.12251701330449859,1.5334155535136262,False,1
-0.08823607714701218,-0.7883989395832658,0.15318532437477111,1.2813436018903515,False,1
-0.1040040559386775,-0.5955238551943874,0.17881219641257814,1.040279366784568,False,1
-0.11591453304256524,-0.40316948104523737,0.1996177837482695,0.8086393388622878,False,1
-0.12397792266346999,-0.21126053997902533,0.21579057052551526,0.5847908393342567,True,1
0.036737686118170854,0.20340521941790915,0.02983804846256048,-0.27506140625414255,False,1
0.040805790506529035,0.39808902659247675,0.024336820337477628,-0.5581860454646761,False,1
0.048767571038378574,0.5928610476918399,0.013173099428184105,-0.8431032426813232,False,1
0.06062479199221537,0.7878007592617711,-0.003688965425442359,-1.1316146601847588,False,1
0.0763808071774508,0.982970812142683,-0.026321258629137534,-1.425452300909852,False,1
0.09604022342030447,0.78818387201682,-0.05483030464733457,-1.1411106539601255,False,0
0.11180390086064088,0.5938197853584473,-0.07765251772653708,-0.8661146944697012,False,0
0.12368029656780982,0.3998356563925081,-0.0949748116159311,-0.5988222443897717,False,0
0.13167700969565999,0.20616187450600515,-0.10695125650372654,-0.33750145689096667,False,0
0.1358002471857801,0.012711523669078628,-0.11370128564154587,-0.08036770458412679,False,0
0.13605447765916168,0.2092642559302454,-0.11530863973322841,-0.4066492805894751,False,1
0.1402397627777666,0.40581634429326185,-0.12344162534501792,-0.7333452198295529,False,1
0.14835608966363184,0.602408015521588,-0.13810852974160898,-1.0621885944660812,False,1
0.1604042499740636,0.7990612981499511,-0.15935230163093062,-1.3948347198498787,False,1
0.17638547593706264,0.9957665104267243,-0.1872489960279282,-1.7328057861544621,False,1
0.1963008061455971,0.8032105878419914,-0.22190511175101743,-1.503750764054228,True,0
0.03378950740991595,-0.17230292105087622,-0.018816321638955,0.26619235738617597,False,0
0.030343448988898427,-0.36715133584763515,-0.01349247449123148,0.552881568838251,False,0
0.023000422271945722,-0.5620812359515565,-0.0024348431144664597,0.8412831374699178,False,0
0.011758797552914592,-0.7571698647135361,0.014390819634931898,1.133199370013477,False,0
-0.0033845997413561296,-0.952477185009877,0.037054807035201434,1.430360770443977,False,0
-0.022434143441553672,-1.1480364860456302,0.06566202244408098,1.7343899796327293,False,0
-0.04539487316246628,-1.3438431763061665,0.10034982203673556,2.0467578424944555,False,0
-0.0722717366885896,-1.1498837374035036,0.14128497888662467,1.786735703106017,False,1
-0.09526941143665968,-0.956603015692045,0.177019692948745,1.5411031615305817,False,1
-0.11440147175050058,-0.7639960833267372,0.20784175617935663,1.3084800069481375,False,1
-0.12968139341703533,-0.5720232157585116,0.23401135631831937,1.087384493600013,True,1
-0.03403488481364445,0.22261428770142097,-0.004190161926229875,-0.24914765919382778,False,1
-0.029582599059616032,0.4177958267670886,-0.00917311511010643,-0.5431493016289388,False,1
-0.02122668252427426,0.6130454842476096,-0.020036101142685205,-0.8387083238422339,False,1
-0.008965772839322067,0.8084352176112675,-0.03681026761952988,-1.137624316748241,False,1
0.007202931512903282,1.0040187555974995,-0.0595627539544947,-1.4416206598508075,False,1
0.027283306624853274,0.809678694615938,-0.08839516715151086,-1.1681286110600446,False,0
0.04347688051717204,0.6158108962918458,-0.11175773937271175,-0.9044166417796026,False,0
0.055793098443008955,0.42236545566261446,-0.1298460722083038,-0.6488470879803515,False,0
0.06424040755626124,0.22926852412898607,-0.14282301396791083,-0.39970753763210676,False,0
0.06882577803884096,0.03643080808496865,-0.15081716472055295,-0.15524349647620478,False,0
0.06955439420054034,-0.15624613298897946,-0.15392203465007706,0.0863188499407605,False,0
0.06642947154076075,-0.3488651448543506,-0.15219565765126186,0.32675687319600266,False,0
0.05945216864367373,-0.5415296984260503,-0.1456605201873418,0.5678400884147139,False,0
0.048621574675152726,-0.7343405266112081,-0.1343037184190475,0.8113206828396667,False,0
0.033934764142928564,-0.9273921685987533,-0.11807730476225417,1.058923746302976,False,0
0.015386920770953497,-1.1207689266235794,-0.09689882983619465,1.3123350343830387,False,0
-0.00702845776151809,-1.3145397359002167,-0.07065212914853387,1.573184078653382,False,0
-0.03331925247952242,-1.5087514340848245,-0.03918844757546623,1.8430203908659557,False,0
-0.06349428116121891,-1.3132198316762627,-0.0023280397581471185,1.5384297170474857,False,1
-0.08975867779474417,-1.1180699460025727,0.028440554582802594,1.2450212387164439,False,1
-0.11212007671479562,-0.9233241729853009,0.053340979357131474,0.9613811093971021,False,1
-0.13058656017450165,-0.7289581105615881,0.07256860154507352,0.6859214962361009,False,1
-0.14516572238573341,-0.5349146085803969,0.08628703146979555,0.4169387590850323,False,1
-0.15586401455734136,-0.34111470875611827,0.0946258066514962,0.15265735304023687,False,1
-0.16268630873246373,-0.14746609082187573,0.09767895371230094,-0.10873760150721756,False,1
-0.16563563054890124,0.04613029271294419,0.09550420168215659,-0.369075957254371,False,1
-0.16471302469464236,0.23977471531533792,0.08812268253706917,-0.6301833460979109,False,1
-0.1599175303883356,0.4335636604143527,0.07551901561511096,-0.8938642776359822,False,1
-0.15124625718004853,0.6275846716856661,0.057641730062391316,-1.1618848022058064,False,1
-0.1386945637463352,0.4317613134569586,0.03440403401827519,-0.8517003214528647,False,0
-0.13005933747719603,0.23618762174606633,0.017370027589217893,-0.5484005922912418,False,0
-0.1253355850422747,0.4310613059265447,0.006402015743393056,-0.8355604907041325,False,1
-0.11671435892374382,0.23585248895133137,-0.010309194070689594,-0.5408710860423953,False,0
-0.1119973091447172,0.040876950111361304,-0.0211266157915375,-0.251454168439239,False,0
-0.11117977014248998,-0.15393704640768943,-0.02615569916032228,0.034490851691221236,False,0
-0.11425851107064376,-0.34867434217508636,-0.025465882126497856,0.31880798439785063,False,0
-0.12123199791414549,-0.5434245188734239,-0.019089722438540842,0.6033523711772742,False,0
-0.13210048829161397,-0.3480408482209921,-0.0070226750149953564,0.30471822697064577,False,1
-0.1390613052560338,-0.1528195255145409,-0.0009283104755824414,0.009828814336377,False,1
-0.14211769576632463,-0.3479281511957767,-0.0007317341888549014,0.30221870351496105,False,0
-0.14907625879024017,-0.5430396658395081,0.0053126398814443195,0.5946707672960974,False,0
-0.15993705210703033,-0.3479924741256093,0.01720605522736627,0.30366601727320386,False,1
-0.1668969015895425,-0.1531199072975576,0.023279375572830347,0.0164587653812564,False,1
-0.16995929973549367,0.041660588059704656,0.023608550880455475,-0.2687892950206567,False,1
-0.1691260879742996,-0.15379018509597614,0.01823276498004234,0.031245434844724196,False,0
-0.1722018916762191,-0.34916879359085595,0.018857673676936824,0.3296247720194233,False,0
-0.17918526754803624,-0.1543202954872074,0.02545016911732529,0.042947818623305545,False,1
-0.1822716734577804,0.040427638649646686,0.0263091254897914,-0.24159794037496157,False,1
-0.18146312068478745,-0.15506005331996428,0.02147716668229217,0.059266110999602384,False,0
-0.18456432175118673,-0.3504832554517352,0.022662488902284218,0.3586471114281332,False,0
-0.19157398686022142,-0.1556906815152825,0.02983543113084688,0.07319548114898777,False,1
-0.19468780049052709,-0.35122737453803415,0.031299340753826635,0.375140302656868,False,0
-0.20171234798128776,-0.156563661188385,0.03880214680696399,0.09248825130097149,False,1
-0.20484362120505545,0.0379812710450218,0.040651911832983424,-0.18770452475142235,False,1
-0.204083995784155,-0.15769800044066512,0.036897821337954974,0.11752025494926155,False,0
-0.2072379557929683,0.03687638487627076,0.0392482264369402,-0.16329717005719402,False,1
-0.2065004280954429,-0.15878480226236946,0.03598228303579632,0.14150460519700897,False,0
-0.20967612414069028,0.0358038318479747,0.0388123751397365,-0.13961290373255847,False,1
-0.2089600475037308,0.2303490206609246,0.03602011706508533,-0.41980294369562177,False,1
-0.2043530670905123,0.034735689355539945,0.027624058191172897,-0.11598565028716101,False,0
-0.20365835330340148,-0.16077095378189318,0.025304345185429677,0.18528287011448963,False,0
-0.20687377237903934,0.03397997589145477,0.02901000258771947,-0.09931132009536503,False,1
-0.20619417286121025,-0.1615454718410327,0.02702377618581217,0.20238119190497156,False,0
-0.20942508229803092,0.03317978455691564,0.0310714000239116,-0.08165602234128827,False,1
-0.20876148660689262,0.22784286842745374,0.029438279577085835,-0.3643761872141953,False,1
-0.20420462923834354,0.032315180669586885,0.02215075583280193,-0.06255812724228943,False,0
-0.2035583256249518,0.2271126536948057,0.02089959328795614,-0.3481708661254661,False,1
-0.1990160725510557,0.03169977510974503,0.013936175965446817,-0.04897152902538193,False,0
-0.1983820770488608,0.22661914983438736,0.012956745384939178,-0.3372250959699814,False,1
-0.19384969405217306,0.03131523711438389,0.00621224346553955,-0.040484640296873875,False,0
-0.1932233893098854,0.2263475571714826,0.0054025506596020725,-0.33120108755825867,False,1
-0.18869643816645573,0.031149122024368203,-0.0012214710915631009,-0.03681936568352984,False,0
-0.18807345572596837,-0.16395529184555305,-0.0019578584052336975,0.25547792438914446,False,0
-0.19135256156287944,0.031194558451023757,0.003151700082549192,-0.03782190002159935,False,1
-0.19072867039385896,-0.16397244621116291,0.002395262082117205,0.25585375128650445,False,0
-0.19400811931808223,-0.3591285139641094,0.0075123371078472945,0.5492912195462781,False,0
-0.2011906895973644,-0.16411289055813738,0.018498161498772855,0.2589846450447839,False,1
-0.20447294740852717,-0.35949397023630714,0.023677854399668533,0.5574442734072818,False,0
-0.21166282681325332,-0.5549401758139565,0.03482673986781417,0.8574920430249875,False,0
-0.22276163032953245,-0.7505188610861043,0.05197658072831392,1.1609191674263837,False,0
-0.23777200755125452,-0.556111072096764,0.07519496407684159,0.884975534397467,False,1
-0.2488942289931898,-0.7521690059563927,0.09289447476479093,1.2003178934685619,False,0
-0.2639376091123177,-0.5583632804160475,0.11690083263416216,0.9381344344026132,False,1
-0.2751048747206386,-0.36499495661154063,0.13566352132221443,0.6843522116202833,False,1
-0.28240477385286944,-0.17199136060105596,0.1493505655546201,0.43726969135820537,False,1
-0.28584460106489057,0.02073592916590644,0.1580959593817842,0.1951429521589515,False,1
-0.2854298824815724,0.21328477438030188,0.16199881842496322,-0.043791524810558397,False,1
-0.2811641869939664,0.40575778507602,0.16112298792875204,-0.28130132220731163,False,1
-0.273049031292446,0.5982586538227461,0.15549696148460582,-0.5191471812544382,False,1
-0.26108385821599106,0.790888979941446,0.14511401785951705,-0.7590743542373923,False,1
-0.24526607861716215,0.9837450866552175,0.1299325307747692,-1.0028040278329646,False,1
-0.2255911768840578,1.176914351689767,0.10987645021810992,-1.2520227155565553,False,1
-0.20205288985026246,1.370470568895136,0.08483599590697881,-1.5083675086657509,False,1
-0.17464347847235973,1.1744288498075872,0.05466864573366379,-1.1904506259154222,False,0
-0.15115490147620797,0.9786427513947435,0.03085963321535535,-0.8811456455643101,False,0
-0.1315820464483131,0.7831155010173012,0.013236720304069149,-0.5789231196390796,False,0
-0.11591973642796706,0.5878105697364093,0.0016582579112875556,-0.28209990485893033,False,0
-0.10416352503323888,0.7829088286454349,-0.003983740185891051,-0.5742593632563594,False,1
-0.08850534846033017,0.978086403591603,-0.01546892745101824,-0.8681946190671324,False,1
-0.0689436203884981,0.7831783013397474,-0.03283281983236089,-0.5804151276259556,False,0
-0.05328005436170316,0.5885314411810758,-0.04444112238488,-0.29825330920891674,False,0
-0.041509425538081644,0.39407022997911645,-0.05040618856905834,-0.019910882205498526,False,0
-0.033628020938499315,0.5898774644551982,-0.05080440621316831,-0.32806182976855197,False,1
-0.02183047164939535,0.3955142134197336,-0.057365642808539355,-0.05182319459532664,False,0
-0.01392018738100068,0.201259739049344,-0.05840210670044589,0.22222295618830012,False,0
-0.009894992600013799,0.007019065927419688,-0.05395764757667989,0.4959267588180778,False,0
-0.009754611281465405,-0.1873021389911989,-0.04403911240031833,0.7711285031117507,False,0
-0.013500654061289382,-0.3817912793859637,-0.028616542338083317,1.0496360446160118,False,0
-0.021136479649008656,-0.5765221411417646,-0.007623821445763082,1.3332006304205202,False,0
-0.03266692247184395,-0.7715471505683241,0.01904019116264732,1.6234882612808637,False,0
-0.048097865483210434,-0.5766544092305043,0.0515099563882646,1.3367996163382316,False,1
-0.05963095366782052,-0.38221782994180964,0.07824594871502923,1.0606688134680335,False,1
-0.06727531026665672,-0.18821440494147076,0.09945932498438989,0.7935348930304114,False,1
-0.07103959836548614,0.005411854873104138,0.11533002284499812,0.5337237114513732,False,1
-0.07093136126802406,0.19873909112931684,0.12600449707402558,0.2794912169496655,False,1
-0.06695657944543772,0.3918594267993869,0.13159432141301888,0.029054691396474264,False,1
-0.05911939090944998,0.5848727842149135,0.13217541524094836,-0.21938497690434755,False,1
-0.047421935225151715,0.7778820419482886,0.1277877157028614,-0.4676270675416347,False,1
-0.031864294386185946,0.970988923047916,0.11843517435202872,-0.7174581508281386,False,1
-0.012444515925227627,1.1642900474260764,0.10408601133546594,-0.9706400572981855,False,1
0.010841285023293904,1.357872606243772,0.08467321018950223,-1.2288963128109818,False,1
0.03799873714816934,1.551809123567266,0.060095283933282596,-1.493894695088137,False,1
0.06903491961951466,1.746150766700719,0.030217390031519853,-1.767223546949137,False,1
0.10395793495352904,1.5507008275188319,-0.005127080907462889,-1.4652999148661758,False,0
0.13497195150390567,1.3556420402027063,-0.0344330792047864,-1.174222934693078,False,0
0.1620847923079598,1.160984090959666,-0.05791753789864796,-0.892530413942215,False,0
0.18530447412715312,0.9666935531863747,-0.07576814617749225,-0.6186015107683158,False,0
0.20463834519088062,0.7727071442928864,-0.08814017639285857,-0.35071125508408985,False,0
0.22009248807673834,0.5789420117108904,-0.09515440149454037,-0.08707147448353886,False,0
0.23167132831095616,0.7752899998880329,-0.09689583098421115,-0.40819430505416265,False,1
0.24717712830871683,0.5816658696270097,-0.1050597170852944,-0.14756328540619795,False,0
0.258810445701257,0.38819301776615167,-0.10801098279341835,0.11021509841689547,False,0
0.26657430605658006,0.19477127574198785,-0.10580668082508043,0.3669634383763249,False,0
0.2704697315714198,0.0012994646523467046,-0.09846741205755394,0.6244990688576144,False,0
0.2704957208644667,0.19764821700482568,-0.08597743068040165,0.30249994994354995,False,1
0.2744486852045632,0.0038501390574993966,-0.07992743168153064,0.5668770608672442,False,0
0.2745256879857132,-0.19006499151760461,-0.06858989046418576,0.8333474933919505,False,0
0.2707243881553611,0.005923760692160163,-0.05192294059634675,0.5199060066668912,False,1
0.2708428633692043,0.20173674590775947,-0.04152482046300893,0.2113238862921924,False,1
0.2748775982873595,0.3974270549398104,-0.03729834273716508,-0.09416332948173589,False,1
0.28282613938615575,0.5930631953495131,-0.039181609326799795,-0.3983766123643033,False,1
0.294687403293146,0.39851836810842445,-0.04714914157408586,-0.11829978748631564,False,0
0.3026577706553145,0.5942830420198463,-0.04951513732381217,-0.42547717634453636,False,1
0.31454343149571146,0.7900701163114233,-0.0580246808507029,-0.7333493483517096,False,1
0.3303448338219399,0.5957958367134987,-0.07269166781773709,-0.4594780476616549,False,0
0.34226075055620986,0.40177264770326393,-0.08188122877097019,-0.19056438494354488,False,0
0.35029620351027513,0.2079117447988748,-0.08569251646984109,0.07520651296199787,False,0
0.3544544384062526,0.014116143171859719,-0.08418838621060114,0.33967047987458465,False,0
0.35473676126968984,-0.17971330074125533,-0.07739497661310944,0.6046627451561808,False,0
0.35114249525486474,-0.37367246001634213,-0.06530172170998583,0.8719991461766585,False,0
0.3436690460545379,-0.5678484566030637,-0.047861738786452654,1.1434572768167552,False,0
0.3323120769224766,-0.7623135070753444,-0.02499259325011755,1.4207548342626373,False,0
0.31706580678096974,-0.5668914176423921,0.0034225034351351956,1.1203661876865616,False,1
0.3057279784281219,-0.37181452573717116,0.02582982718886643,0.8287587776518326,False,1
0.29829168791337846,-0.17705504660304625,0.04240500274190308,0.5443101330480802,False,1
0.2947505869813175,0.01744616092728707,0.05329120540286468,0.2652839289985808,False,1
0.29509951019986325,-0.1783943033776884,0.058596883982836294,0.5742877905047705,False,0
0.2915316241323095,0.015859300408738786,0.07008263979293171,0.30062510971423717,False,1
0.29184881014048425,0.20991599933887062,0.07609514198721645,0.030842045655077366,False,1
0.29604713012726164,0.40386889537079795,0.076711982900318,-0.23689500856297957,False,1
0.3041245080346776,0.59781584351377,0.0719740827290584,-0.5044286471949906,False,1
0.31608082490495304,0.7918535717815447,0.061885509785158596,-0.7735895736744589,False,1
0.33191789634058394,0.986072010530782,0.04641371831166942,-1.0461768155053373,False,1
0.35163933655119956,1.180548186368805,0.025490182001562674,-1.3239361909837593,False,1
0.37525030027857564,0.98511370133528,-0.0009885418181125108,-1.023386393867699,False,0
0.39495257430528125,0.7900049311263356,-0.021456269695466493,-0.7310140127988629,False,0
0.410752672927808,0.5951859760696736,-0.03607654995144375,-0.44516050374224253,False,0
0.42265639244920145,0.7907992749117185,-0.044979760026288604,-0.7489937321986966,False,1
0.4384723779474358,0.596325690004075,-0.05995963467026254,-0.4707979870121157,False,0
0.45039889174751735,0.40209966194854524,-0.06937559441050485,-0.19760006479936038,False,0
0.4584408849864883,0.2080350621916046,-0.07332759570649205,0.07241652752998995,False,0
0.4626015862303204,0.01403678443602352,-0.07187926515589226,0.3410929586451403,False,0
0.46288232191904083,-0.1799927858511634,-0.06505740598298945,0.6102714673106518,False,0
0.45928246620201757,0.01597532727062309,-0.05285197663677642,0.29782776163954194,False,1
0.45960197274743003,-0.1783549493426061,-0.04689542140398558,0.5733849015464314,False,0
0.4560348737605779,-0.3727891088877985,-0.035427723373056955,0.8509333017612036,False,0
0.44857909158282194,-0.567410555372406,-0.018409057337832883,1.132268713207925,False,0
0.43723088047537384,-0.7622867456733899,0.004236316926325617,1.4191215112025257,False,0
0.421985145561906,-0.567217481432669,0.03261874715037613,1.127765713879077,False,1
0.41064079593325264,-0.7627512168056547,0.05517406142795767,1.4304985085634399,False,0
0.39538577159713956,-0.5683521004547236,0.08378403159922647,1.1555565057432444,False,1
0.38401872958804506,-0.7644605067192717,0.10689516171409136,1.4732909392778644,False,0
0.3687295194536596,-0.5707953077501297,0.13636098049964865,1.215818619457703,False,1
0.357313613298657,-0.3776699087880546,0.1606773528888027,0.9687856287643991,False,1
0.3497602151228959,-0.18502714990293814,0.18005306546409067,0.730579736546183,False,1
0.3460596721248371,0.007210172770724166,0.19466466019501433,0.49953530396489376,False,1
0.3462038755802516,0.19913197153327677,0.2046553662743122,0.27396060047483967,False,1
0.35018651501091713,0.3908356652575708,0.210134578283809,0.05215557348007929,True,1
-0.03868677812860846,0.2143280590297521,-0.04070945275966292,-0.33679840079376827,False,1
-0.03440021694801342,0.41000497937557406,-0.04744542077553829,-0.6420358728620232,False,1
-0.026200117360501943,0.6057550551139537,-0.06028613823277876,-0.9492742843752056,False,1
-0.014085016258222869,0.8016345086538146,-0.07927162392028286,-1.2602730858928668,False,1
0.0019476739148534226,0.9976759155271039,-0.1044770856381402,-1.5766931943419467,False,1
0.0219011922253955,0.8039426794737046,-0.13601094952497914,-1.3183383271640068,False,0
0.03798004581486959,0.6107773011314033,-0.16237771606825926,-1.071130198372539,False,0
0.05019559183749766,0.4181308175912818,-0.18380032003571004,-0.8334912128765704,False,0
0.058558208189323294,0.22593176222241046,-0.20047014429324145,-0.6037822222686644,False,0
0.0630768434337715,0.03409421363104487,-0.21254578873861474,-0.38033302015810133,True,0
-0.041613720283020066,-0.17272577183154894,-0.04050340238107758,0.30242348312352635,False,0
-0.045068235719651045,-0.36724775582239627,-0.034454932718607056,0.582062408436063,False,0
-0.05241319083609897,-0.5618704510816586,-0.022813684549885797,0.8636954387328856,False,0
-0.06365059985773214,-0.7566745186030577,-0.005539775775228087,1.1491188604440203,False,0
-0.0787840902297933,-0.9517237216455442,0.01744260143365232,1.4400594898561712,False,0
-0.09781856466270418,-0.7568209226302774,0.046243791230775745,1.152877628553119,False,1
-0.11295498311530973,-0.5623316975436636,0.06930134380183813,0.8750464994683493,False,1
-0.124201617066183,-0.36821682687991325,0.08680227379120511,0.6049314070696368,False,1
-0.13156595360378126,-0.1744091336086829,0.09890090193259785,0.34080221572379105,False,1
-0.13505413627595492,0.019176753107890188,0.10571694624707367,0.08087186882395664,False,1
-0.13467060121379712,0.21263689722759688,0.10733438362355281,-0.1766753425416524,False,1
-0.13041786326924518,0.40607213821844845,0.10380087677271976,-0.43366267831532346,False,1
-0.12229642050487621,0.5995830995351581,0.0951276232064133,-0.6919040833187307,False,1
-0.11030475851417305,0.7932655010627928,0.08128954154003869,-0.9531888047164461,False,1
-0.0944394484929172,0.9872051810292897,0.06222576544570976,-1.2192648772474524,False,1
-0.07469534487233141,1.181472247524335,0.03784046790076072,-1.4918189295405566,False,1
-0.05106589992184471,0.985910747587171,0.008004089309949586,-1.1875642303611298,False,0
-0.03134768497010129,0.7906859388522867,-0.01574719529727301,-0.8923832204512945,False,0
-0.015533966193055557,0.5957810903950748,-0.0335948597062989,-0.6046916796207344,False,0
-0.003618344385154062,0.401144661367434,-0.045688693298713584,-0.3227768037128285,False,0
0.004404548842194617,0.20670207767918158,-0.052144229372970155,-0.04484509611638926,False,0
0.008538590395778249,0.012365122763245862,-0.05304113129529794,0.23094066430049554,False,0
0.008785892851043167,-0.1819603600054192,-0.04842231800928803,0.5064321720261751,False,0
0.0051466856509347824,-0.376367733312587,-0.03829367456876453,0.7834708266679955,False,0
-0.002380669015316958,-0.5709430933525561,-0.022624258035404618,1.0638643091153521,False,0
-0.01379953088236808,-0.7657583747731382,-0.0013469718530975741,1.3493614818165525,False,0
-0.029114698377830844,-0.5706195246512274,0.025640257783233474,1.0562574625637513,False,1
-0.04052708887085539,-0.3758465928871677,0.0467654070345085,0.7717315056312253,False,1
-0.048044020728598744,-0.18139827962316812,0.06220003714713301,0.4941219406254126,False,1
-0.051671986321062104,0.012793835373515416,0.07208247595964126,0.2216720825576029,False,1
-0.0514161096135918,0.2068154114855009,0.07651591761079332,-0.04743062320027763,False,1
-0.04727980138388178,0.010684412921853431,0.07556730514678776,0.2683788160813781,False,0
-0.04706611312544471,-0.18543007017253324,0.08093488146841532,0.5839066678678132,False,0
-0.05077471452889538,0.008470376661846662,0.09261301482577158,0.3177769656547537,False,1
-0.05060530699565845,0.20215960286403062,0.09896855413886665,0.05567753468949316,False,1
-0.046562114938377835,0.3957334687892717,0.10008210483265652,-0.2042131363894365,False,1
-0.038647445562592406,0.5892923385693739,0.09599784210486778,-0.46372353543307643,False,1
-0.02686159879120493,0.7829359165515225,0.08672337139620626,-0.7246714892911909,False,1
-0.011202880460174477,0.976758334760167,0.07222994161038243,-0.9888477827383283,False,1
0.008332286235028866,1.1708428856138198,0.052452985955615865,-1.2579983681559601,False,1
0.03174914394730526,1.3652558090022724,0.02729301859249666,-1.533802569285021,False,1
0.05905426012735071,1.169815914587337,-0.0033830327932037607,-1.2327287582735633,False,0
0.08245057841909745,0.9747376284759868,-0.028037607958675027,-0.9411076133391363,False,0
0.10194533098861719,0.7800045414083101,-0.04685976022545775,-0.6573647628602586,False,0
0.11754542181678339,0.585565113970043,-0.06000705548266292,-0.37979750923324757,False,0
0.12925672409618424,0.7814855916358645,-0.06760300566732787,-0.6907807632617182,False,1
0.14488643592890155,0.977477229453215,-0.08141862093256223,-1.0039568382347668,False,1
0.16443598051796585,0.7835316779900688,-0.10149775769725757,-0.7379128629728502,False,0
0.18010661407776724,0.9798979412288139,-0.11625601495671457,-1.0607354984563406,False,1
0.1997045729023435,1.1763514564511344,-0.1374707249258414,-1.3875289722479793,False,1
