0.0155569098,-0.0445065602,0.0169938106,-0.0359643979
0.0146667786,-0.2398680314,0.0162745227,0.262031436
0.009869418,-0.0449821258,0.0215151514,-0.0254742115
0.0089697755,0.1498247782,0.0210056672,-0.3112919713
0.0119662711,-0.0455900425,0.0147798277,-0.0120591942
0.0110544702,0.1493168622,0.0145386439,-0.3000425086
0.0140408075,-0.0460092674,0.0085377937,-0.0028100678
0.0131206221,-0.2412526158,0.0084815923,0.2925543615
0.0082955698,-0.0462526153,0.0143326796,0.00255844
0.0073705175,0.1486608829,0.0143838484,-0.2855681143
0.0103437351,-0.0466632242,0.0086724861,0.0116164438
0.0094104707,0.1483332852,0.008904815,-0.2783176418
0.0123771364,-0.0469145616,0.0033384621,0.0171604977
0.0114388451,-0.2420842308,0.0036816721,0.3108948761
0.0065971605,-0.0470149259,0.0098995696,0.0193753111
0.005656862,0.1479636657,0.0102870758,-0.2701678195
0.0086161353,-0.0473035623,0.0048837194,0.0257418717
0.0076700641,0.1477480131,0.0053985569,-0.2653961945
0.0106250243,-0.0474505726,0.000090633,0.0289845853
0.0096760129,-0.2425738234,0.0006703247,0.3216961065
0.0048245364,-0.0474614244,0.0071042468,0.0292246491
0.0038753079,0.1475579307,0.0076887398,-0.2612083706
0.0068264665,-0.0476729277,0.0024645724,0.0338897282
0.005873008,0.1474135942,0.0031423669,-0.2580145823
0.0088212799,-0.0477530778,-0.0020179247,0.0356578347
0.0078662183,-0.2428460335,-0.001304768,0.3277034029
0.0030092976,-0.047705531,0.0052493001,0.0346092967
0.002055187,0.1473407518,0.005941486,-0.2564128096
0.0050020021,-0.0478655217,0.0008132298,0.038138219
0.0040446916,0.1472447584,0.0015759942,-0.2542880147
0.0069895868,-0.04789966,-0.0035097661,0.0388915914
0.0060315936,-0.2429711058,-0.0027319343,0.3304650888
0.0011721715,-0.0478103725,0.0038773675,0.0369218935
0.000215964,0.1472557628,0.0046158054,-0.2545351667
0.0031610793,-0.0479317889,-0.000474898,0.0396000838
0.0022024435,0.1471969691,0.0003171037,-0.2532326402
0.0051463829,-0.0479295086,-0.0047475491,0.0395502901
0.0041877927,-0.2429830596,-0.0039565433,0.3307315451
-0.0006718685,-0.0478050121,0.0026580876,0.0368035448
-0.0016279687,0.1472787211,0.0033941585,-0.2550395444
0.0013176057,-0.047891527,-0.0017066324,0.0387120222
0.0003597752,-0.2429889636,-0.000932392,0.3308560012
-0.0045000041,-0.0478537525,0.0056847281,0.0378791886
-0.0054570792,0.1471862199,0.0064423118,-0.2530047418
-0.0025133548,-0.0480271258,0.001382217,0.0417032268
-0.0034738973,0.1470749775,0.0022162815,-0.2505432769
-0.0005323977,-0.0480785525,-0.002794584,0.0428378854
-0.0014939688,-0.243160319,-0.0019378263,0.3346377859
-0.0063571752,-0.0480108419,0.0047549294,0.0413443993
-0.007317392,0.1470426029,0.0055818174,-0.2498345165
-0.0043765399,-0.0481586131,0.0005851271,0.0446037921
-0.0053397122,0.1469549427,0.0014772029,-0.2478944643
-0.0024006134,-0.048188074,-0.0034806864,0.0452540389
-0.0033643748,-0.2432599415,-0.0025756056,0.336836748
-0.0082295737,-0.0481014323,0.0041611294,0.043342728
-0.0091916023,0.1469606034,0.0050279839,-0.248024424
-0.0062523902,-0.0482327924,6.7495457481981E-05,0.0462401899
-0.0072170461,0.1468881909,0.0009922993,-0.2464214408
-0.0042792823,-0.0482479185,-0.0039361296,0.0465743151
-0.0052442406,-0.2433132076,-0.0030046433,0.3380127631
-0.0101105048,-0.0481486295,0.003755612,0.0443838536
-0.0110734774,0.1469192671,0.0046432891,-0.2471117805
-0.008135092,-0.0482686902,-0.0002989465,0.0470321213
-0.0091004658,0.1468575465,0.0006416959,-0.2457451109
-0.0061633149,-0.0482735639,-0.0042732063,0.047140153
-0.0071287862,-0.2433339805,-0.0033304033,0.3384717877
-0.0119954658,-0.0481647974,0.0034390325,0.0447404998
-0.0129587617,0.1469076714,0.0043338425,-0.2468553994
-0.0100206083,-0.0482759068,-0.0006032655,0.0471913641
-0.0109861265,-0.2433892025,0.0003405618,0.3396838942
-0.0158539105,-0.0482720987,0.0071342397,0.0471083807
-0.0168193525,0.1467468297,0.0080764073,-0.2433151188
-0.0138844159,-0.0484895457,0.0032101049,0.0519043311
-0.0148542068,0.1465862296,0.0042481915,-0.239764055
-0.0119224822,-0.0485961502,-0.0005470896,0.0542558374
-0.0128944052,0.1465336413,0.0005380272,-0.2385996503
-0.0099637324,-0.048595992,-0.0042339658,0.0542529373
-0.0109356522,-0.243656979,-0.0031489071,0.3455970129
-0.0158087918,-0.0484903767,0.0037630332,0.0519227837
-0.0167785993,0.1465774154,0.0048014888,-0.2395705037
-0.013847051,-0.048612797,1.00787685309162E-05,0.0546230723
-0.014819307,0.1465090097,0.0011025402,-0.2380566746
-0.0118891268,-0.0486286752,-0.0036585933,0.0549738216
-0.0128617003,-0.2436979771,-0.0025591168,0.3465001921
-0.0177356598,-0.0485397178,0.004370887,0.0530113822
-0.0187064542,0.1465192886,0.0054311146,-0.2382892958
-0.0157760684,-0.0486798291,0.0006653287,0.0561018022
-0.016749665,0.1464325761,0.0017873648,-0.2363711341
-0.0138210135,-0.0487148654,-0.0029400579,0.0568750456
-0.0147953108,-0.2437945381,-0.001802557,0.3486289141
-0.0196712015,-0.0486469957,0.0051700213,0.0553781247
-0.0206441415,0.1464004451,0.0062775838,-0.2356691471
-0.0177161326,-0.0488106304,0.0015642008,0.0589872941
-0.0186923452,0.1462888583,0.0027439467,-0.2332017061
-0.015766568,-0.0488721918,-0.0019200874,0.0603454864
-0.0167440118,0.1462772367,-0.0007131777,-0.2329426222
-0.0138184671,-0.048834517,-0.0053720301,0.0595152597
-0.0147951574,-0.2438790336,-0.0041817249,0.3504984439
-0.0196727381,-0.048697862,0.0028282439,0.0564998227
-0.0206466954,0.1463834229,0.0039582404,-0.2352894318
-0.0177190269,-0.0487948571,-0.0007475482,0.0586394145
-0.018694924,0.1463378045,0.0004252401,-0.2342792754
-0.0157681679,-0.0487902199,-0.0042603455,0.0585377553
-0.0167439723,-0.2438508274,-0.0030895903,0.3498734736
-0.0216209889,-0.0486850726,0.0039078791,0.0562179003
-0.0225946903,0.1463806286,0.0050322371,-0.2352295037
-0.0196670778,-0.0488128577,0.0003276471,0.0590364901
-0.0206433349,0.1463043942,0.0015083769,-0.2335430438
-0.017717247,-0.0488390766,-0.003162484,0.059615292
-0.0186940286,-0.2439155417,-0.0019701782,0.3512987576
-0.0235723394,-0.0487656279,0.005055797,0.0579952231
-0.024547652,0.1462834688,0.0062157014,-0.2330882848
-0.0216219826,-0.0489267411,0.0015539357,0.0615487781
-0.0226005174,0.1461728957,0.0027849113,-0.2306434669
-0.0196770595,-0.0489887397,-0.001827958,0.0629166139
-0.0206568343,0.1461593723,-0.0005696258,-0.2303424844
-0.0177336468,-0.0489544345,-0.0051764754,0.0621607084
-0.0187127355,-0.2440017859,-0.0039332613,0.3532059387
-0.0235927713,-0.0488241262,0.0031308575,0.0592853379
-0.0245692538,0.146252795,0.0043165643,-0.2324081392
-0.0216441979,-0.0489305677,-0.0003315985,0.0616332432
-0.0226228092,0.1461961363,0.0009010663,-0.2311542867
-0.0196988865,-0.048938679,-0.0037220194,0.0618127309
-0.0206776601,-0.2440070676,-0.0024857648,0.3533190159
-0.0255578014,-0.048849858,0.0045806155,0.0598532918
-0.0265347986,0.146206118,0.0057776814,-0.2313809064
-0.0236106762,-0.0489979133,0.0011500633,0.0631188822
-0.0245906345,0.14610753,0.0024124409,-0.2292009706
-0.0216684839,-0.0490488123,-0.0021715785,0.0642419479
-0.0226494602,0.1461042064,-0.0008867396,-0.2291253335
-0.019727376,-0.0490050619,-0.0054692462,0.0632777525
-0.0207074773,-0.2440481722,-0.0042036912,0.3542300918
-0.0255884407,-0.0488667016,0.0028809107,0.0602245911
-0.0265657747,0.1462138251,0.0040854025,-0.231547998
-0.0236414982,-0.048966264,-0.0005455575,0.0624207975
-0.0246208235,0.146163505,0.0007028585,-0.2304342064
-0.0216975534,-0.0489684828,-0.0039058257,0.0624703434
-0.0226769231,-0.2440342165,-0.0026564188,0.3539184022
-0.0275576074,-0.0488745939,0.0044219493,0.060399015
-0.0285350993,0.1461836776,0.0056299296,-0.2308854828
-0.0256114257,-0.0490182678,0.0010122199,0.0635679855
-0.0265917911,0.146089156,0.0022835796,-0.2287954078
-0.023670008,-0.0490653538,-0.0022923286,0.0646069656
-0.024651315,-0.2441543642,-0.0010001892,0.3565657682
-0.0295344023,-0.0490182071,0.0061311261,0.0635676235
-0.0305147665,0.1460153047,0.0074024786,-0.2271746059
-0.0275944604,-0.0492116495,0.0028589865,0.067834111
-0.0285786934,-0.244374473,0.0042156687,0.3614176907
-0.0334661828,-0.0493126964,0.0114440225,0.0700670286
-0.0344524368,0.1456433318,0.0128453631,-0.2189833953
-0.0315395701,-0.0496598617,0.0084656952,0.0777236589
-0.0325327674,0.1453397122,0.0100201684,-0.212276336
-0.0296259731,-0.0499240583,0.0057746416,0.0835504962
-0.0306244543,0.1451146414,0.0074456516,-0.2073049403
-0.0277221614,-0.0501129833,0.0032995528,0.087717381
-0.0287244211,0.1449615172,0.0050539004,-0.2039227102
-0.0258251908,-0.0502323433,0.0009754462,0.0903501817
-0.0268298376,0.1448756128,0.0027824498,-0.2020248321
-0.0239323254,-0.0502860212,-0.0012580468,0.091534525
-0.0249380458,0.1448539393,0.0005726437,-0.2015450499
-0.022040967,-0.0502761971,-0.0034582573,0.0913184639
-0.023046491,0.1448951513,-0.0016318881,-0.2024535336
-0.0201485879,-0.0502034236,-0.0056809587,0.0897141641
-0.0211526564,0.1449994936,-0.0038866755,-0.2047556797
-0.0182526665,0.3401768102,-0.007981789,-0.498662123
-0.0114491303,0.1451682973,-0.0179550315,-0.2085052925
-0.0085457644,-0.0496923733,-0.0221251374,0.0784601041
-0.0095396118,-0.2444902778,-0.0205559353,0.3640811858
-0.0144294174,-0.0490823063,-0.0132743116,0.0649881338
-0.0154110635,-0.2440114484,-0.0119745489,0.3534535533
-0.0202912925,-0.0487212894,-0.0049054778,0.0570188833
-0.0212657183,-0.2437725621,-0.0037651002,0.3481500675
-0.0261411695,-0.0485972621,0.0031979012,0.0542822556
-0.0271131148,0.1464786901,0.0042835463,-0.2373899951
-0.024183541,0.3415391834,-0.0004642536,-0.5287186919
-0.0173527573,0.1464237667,-0.0110386274,-0.236182089
-0.014424282,-0.0485387498,-0.0157622692,0.0529985781
-0.015395057,-0.243431185,-0.0147022976,0.3406670007
-0.0202636807,-0.0481031654,-0.0078889576,0.0433843172
-0.021225744,-0.2431111086,-0.0070212713,0.3335678002
-0.0260879661,-0.0478899318,-0.0003499153,0.0386790162
-0.0270457648,-0.2430068635,0.000423665,0.3312515207
-0.031905902,-0.0478909454,0.0070486955,0.0387022274
-0.032863721,-0.2431132619,0.00782274,0.3336007269
-0.0377259862,-0.0481035195,0.0144947545,0.0433949256
-0.0386880566,0.1468076153,0.0153626531,-0.2446797557
-0.0357519043,-0.0485303538,0.0104690579,0.0528090646
-0.0367225114,0.1464399317,0.0115252392,-0.2365524903
-0.0337937127,-0.0488447665,0.0067941894,0.0597434477
-0.034770608,0.146179114,0.0079890584,-0.230788145
-0.0318470258,-0.0490560802,0.0033732955,0.0644040589
-0.0328281474,0.1460173446,0.0046613767,-0.2272126665
-0.0299078005,-0.0491709115,0.0001171233,0.0669369766
-0.0308912187,0.1459493603,0.0014558629,-0.2257089949
-0.0279722315,-0.0491933675,-0.003058317,0.0674328101
-0.0289560989,-0.2442713383,-0.0017096608,0.3591492541
-0.0338415256,-0.049125125,0.0054733242,0.0659277218
-0.0348240281,0.145917928,0.0067918787,-0.2250233261
-0.0319056696,-0.0493004312,0.0022914122,0.0697942558
-0.0328916782,0.1457885938,0.0036872973,-0.222164839
0.0058198384,0.0440430328,0.0352409569,-0.0340990536
0.006700699,0.238642359,0.0345589758,-0.3154581064
0.0114735462,0.4332554326,0.0282498137,-0.5970450946
0.0201386549,0.2377497897,0.0163089118,-0.2955992995
0.0248936507,0.4326354864,0.0103969258,-0.5830943611
0.0335463604,0.2373694319,-0.0012649614,-0.2871544687
0.038293749,0.0422655431,-0.0070080508,0.0051292318
0.0391390599,0.237487295,-0.0069054661,-0.2897565553
0.0438888058,0.04246449,-0.0127005973,0.0007404866
0.0447380956,0.2377662618,-0.0126857875,-0.2959224192
0.0494934208,0.0428274354,-0.0186042359,-0.0072672293
0.0503499695,0.2382111884,-0.0187495805,-0.3057614708
0.0551141933,0.043361372,-0.0248648099,-0.0190501726
0.0559814207,0.2388309243,-0.0252458134,-0.3194733685
0.0607580392,0.0440774481,-0.0316352807,-0.0348577247
0.0616395882,-0.1505768975,-0.0323324352,0.2476784784
0.0586280502,0.0449915362,-0.0273788657,-0.0550249319
0.059527881,-0.1497273616,-0.0284793643,0.2288955694
0.0565333337,0.0457897488,-0.0239014529,-0.0726329714
0.0574491287,-0.148981534,-0.0253541123,0.2124141471
0.054469498,0.046493568,-0.0211058294,-0.0881575783
0.0553993694,-0.1483195958,-0.022868981,0.1977924311
0.0524329775,0.0471218652,-0.0189131323,-0.1020159976
0.0533754148,-0.1477240015,-0.0209534523,0.1846404013
0.0504209347,0.0476913912,-0.0172606443,-0.1145782068
0.0513747626,-0.1471790396,-0.0195522084,0.1726095198
0.0484311818,0.0482172141,-0.016100018,-0.1261768223
0.0493955261,-0.1466704332,-0.0186235544,0.161383561
0.0464621174,0.0487131142,-0.0153958832,-0.1371159454
0.0474363797,-0.1461849748,-0.0181382021,0.1506703299
0.0445126802,-0.3410425662,-0.0151247955,0.437576299
0.0376918289,-0.1457098309,-0.0063732696,0.1401641882
0.0347776322,0.0495028175,-0.0035699858,-0.154522566
0.0357676886,-0.1455678366,-0.0066604371,0.1370319769
0.0328563319,0.0496488766,-0.0039197976,-0.1577447518
0.0338493094,-0.1454167354,-0.0070746926,0.1336990008
0.0309409747,0.0498058355,-0.0044007126,-0.1612074695
0.0319370914,-0.145252839,-0.007624862,0.1300839038
0.0290320346,-0.3402647391,-0.0050231839,0.420351563
0.0222267398,-0.1450719756,0.0033838474,0.1260893017
0.0193253003,0.0500013357,0.0059056334,-0.1655241408
0.020325327,-0.145204653,0.0025951506,0.1290159823
0.017421234,0.0498800262,0.0051754702,-0.1628470776
0.0184188345,-0.1453156311,0.0019185287,0.1314640684
0.0155125219,0.0497787855,0.00454781,-0.1606129708
0.0165080976,-0.1454079772,0.0013355506,0.1335011971
0.013599938,0.049694818,0.0040055746,-0.158760083
0.0145938344,-0.1454842507,0.0008303729,0.1351838072
0.0116841494,0.0496257967,0.003534049,-0.1572370334
0.0126766653,-0.1455465739,0.0003893084,0.1365587026
0.0097657338,0.049569799,0.0031204824,-0.1560013779
0.0107571298,-0.1455966911,4.54867235636161E-07,0.1376643522
0.007845196,0.0495252536,0.0027537419,-0.1550184311
0.0088357011,-0.1456360173,-0.0003466267,0.1385319644
0.0059229807,0.0494908969,0.0024240126,-0.1542602975
0.0069127987,-0.1456656779,-0.0006611934,0.1391863636
0.0039994851,0.049465737,0.0021225339,-0.1537050857
0.0049887998,-0.1456865411,-0.0009515678,0.1396466966
0.002075069,0.049449026,0.0018413661,-0.1533362823
0.0030640495,-0.1456992424,-0.0012253595,0.1399269853
0.0001500647,-0.3408036222,0.0015731802,0.4322230796
-0.0066660078,-0.1457039812,0.0102176418,0.1400364951
-0.0095800874,0.0492701504,0.0130183717,-0.1494055015
-0.0085946844,-0.1460357769,0.0100302616,0.1473558579
-0.0115153999,0.0489411125,0.0129773788,-0.142145917
-0.0105365777,-0.14636427,0.0101344605,0.1546027306
-0.0134638631,0.0486111193,0.0132265151,-0.1348658541
-0.0124916407,-0.1466977628,0.010529198,0.1619603259
-0.0154255959,0.0482718834,0.0137684045,-0.1273824052
-0.0144601583,-0.1470445749,0.0112207564,0.1696122963
-0.0174010498,0.0479149866,0.0146130023,-0.1195098032
-0.01644275,-0.1474132512,0.0122228063,0.1777473411
-0.019391015,0.0475316703,0.0157777531,-0.1110547828
-0.0184403816,-0.1478127717,0.0135566574,0.1865638765
-0.0213966371,0.0471126203,0.017287935,-0.1018118087
-0.0204543847,-0.148252769,0.0152516988,0.1962748841
-0.0234194401,0.0466477406,0.0191771965,-0.0915580529
-0.0224864852,0.2414896445,0.0173460354,-0.3781294182
-0.0176566923,0.0461256959,0.009783447,-0.0800281021
-0.0167341784,-0.1491351267,0.008182885,0.2157254023
-0.019716881,0.0458688913,0.0124973931,-0.0743650904
-0.0187995031,0.24080947,0.0110100912,-0.3630789858
-0.0139833137,0.0455327788,0.0037485115,-0.0669448012
-0.0130726582,-0.149642714,0.0024096155,0.226918441
-0.0160655124,0.0454447181,0.0069479843,-0.0650034314
-0.0151566181,-0.149776156,0.0056479157,0.2298635026
-0.0181521412,0.0452646335,0.0102451857,-0.0610325371
-0.0172468485,0.2402382038,0.009024535,-0.350465512
-0.0124420845,0.0449890795,0.0020152248,-0.0549505742
-0.0115423029,-0.150161709,0.0009162133,0.2383674898
-0.014545537,0.0449471412,0.0056835631,-0.054026296
-0.0136465942,0.2399871388,0.0046030372,-0.3449106085
-0.0088468514,0.044800011,-0.002295175,-0.0507797305
-0.0079508512,-0.1502889547,-0.0033107696,0.2411781665
-0.0109566303,0.044880133,0.0015127937,-0.0525472251
-0.0100590277,0.23998036,0.0004618492,-0.3447524696
-0.0052594205,0.0448518418,-0.0064332002,-0.0519239398
-0.0043623836,-0.1501772768,-0.007471679,0.2387223367
-0.0073659292,0.0450506124,-0.0026972322,-0.0563079762
-0.0064649169,-0.1500325613,-0.0038233918,0.2355227345
-0.0094655681,0.0451438068,0.0008870629,-0.0583637521
-0.008562692,-0.149990852,-0.0002802121,0.2345989174
-0.011562509,0.0451351017,0.0044117662,-0.058172384
-0.010659807,0.2401935193,0.0032483185,-0.349460108
-0.0058559366,0.0450255205,-0.0037408836,-0.0557546503
-0.0049554262,-0.1500425931,-0.0048559766,0.2357456555
-0.0079562781,0.0451483987,-0.0001410635,-0.0584650318
-0.0070533101,-0.1499715296,-0.0013103641,0.2341733852
-0.0100527407,0.0451691195,0.0033731036,-0.0589225842
-0.0091493583,0.2402425449,0.0021946519,-0.350539367
-0.0043445074,0.0450894511,-0.0048161355,-0.0571652042
-0.0034427184,-0.1499631151,-0.0059594396,0.2339943135
-0.0064419807,0.0452434756,-0.0012795533,-0.0605624378
-0.0055371112,-0.1498601062,-0.002490802,0.2317165067
-0.0085343133,0.0452973476,0.0021435281,-0.0617510609
-0.0076283663,-0.1498552713,0.0009085069,0.2316073917
-0.0106254718,0.0452536864,0.0055406547,-0.0607888231
-0.009720398,0.24029576,0.0043248782,-0.3517184987
-0.0049144828,0.0451125736,-0.0027094917,-0.0576749469
-0.0040122314,-0.1499704238,-0.0038629907,0.2341518854
-0.0070116398,0.0452065081,0.000820047,-0.0597470444
-0.0061075097,-0.1499271913,-0.0003748938,0.2331945001
-0.0091060535,0.0452001145,0.0042889962,-0.0596066569
-0.0082020512,0.2402603083,0.003096863,-0.3509332954
-0.0033968451,0.0450944529,-0.0039218029,-0.0572754398
-0.002494956,-0.1499710475,-0.0050673117,0.2341675536
-0.0054943769,0.0452229373,-0.0003839606,-0.0601094478
-0.0045899182,-0.1498935066,-0.0015861496,0.2324523121
-0.0075877883,0.0452510727,0.0030628967,-0.0607305165
-0.0066827669,0.2403289749,0.0018482863,-0.352445507
-0.0018761874,0.0451807894,-0.0052006238,-0.0591803328
-0.0009725716,-0.1498662104,-0.0063842304,0.2318572339
-0.0039698958,0.0453463805,-0.0017470858,-0.0628326362
-0.0030629682,-0.1497504781,-0.0030037385,0.2292985623
-0.0060579778,0.0454142679,0.0015822327,-0.064330334
-0.0051496924,-0.1497303327,0.0002956261,0.2288513768
-0.0081442991,0.0453873927,0.0048726536,-0.0637382844
-0.0072365512,0.2404391445,0.0035978879,-0.3548798844
-0.0024277683,0.0452662217,-0.0034997098,-0.0610646182
-0.0015224439,-0.1498053769,-0.0047210021,0.2305120752
-0.0045185514,0.0453837163,-0.0001107606,-0.0636562714
-0.0036108771,-0.1497366467,-0.0013838861,0.2289917077
-0.00660561,0.0454050533,0.0031959481,-0.0641274244
-0.005697509,-0.1497625735,0.0019133996,0.2295621278
-0.0086927604,0.045331983,0.0065046422,-0.062516632
-0.0077861208,-0.1498826225,0.0052543095,0.2322114329
-0.0107837732,0.045163858,0.0098985382,-0.0588094894
-0.0098804961,0.2401424945,0.0087223484,-0.3483529935
-0.0050776462,0.0448975779,0.0017552885,-0.0529324211
-0.0041796946,0.2399943166,0.0006966401,-0.3450610237
0.0006201917,0.0448624624,-0.0062045804,-0.0521585013
0.001517441,-0.1501699755,-0.0072477504,0.2385603895
-0.0014859585,0.0450547627,-0.0024765426,-0.0563998464
-0.0005848633,-0.1500315916,-0.0036045395,0.2355006848
-0.0035854951,0.045141673,0.0011054742,-0.0583170425
-0.0026826617,0.2402477563,-6.08666912316038E-05,-0.3506509793
0.0021222935,0.0451266708,-0.0070738863,-0.0579872464
0.0030248269,-0.1498931431,-0.0082336312,0.2324554502
0.000026964,0.0453454826,-0.0035845222,-0.0628132218
0.0009338737,-0.1497248922,-0.0048407866,0.2287366132
-0.0020606242,0.0454659002,-0.0002660544,-0.0654693305
-0.0011513062,-0.1496522356,-0.001575441,0.2271296427
-0.0041443509,0.045492195,0.0029671519,-0.0660498193
-0.003234507,-0.1496721709,0.0016461555,0.2275677822
-0.0062279504,0.0454262166,0.0061975111,-0.064595433
-0.0053194261,0.2404587658,0.0049056025,-0.3553165819
-0.0005102507,0.0452674101,-0.0022007292,-0.06109083
0.0003950975,-0.1498229184,-0.0034225458,0.2308969403
-0.0026013609,0.0453477714,0.001195393,-0.0628636064
-0.0016944055,-0.1497912984,-6.18790921838798E-05,0.2301962348
-0.0046902314,0.045331537,0.0045420456,-0.0625062102
-0.0037836007,0.2403880724,0.0032919214,-0.3537526385
0.0010241607,0.0452194672,-0.0037831314,-0.0600334938
0.0019285501,-0.1498480379,-0.0049838012,0.2314534321
-0.0010684107,0.0453447719,-0.0003547326,-0.062797378
-0.0001615152,-0.1497720915,-0.0016106802,0.2297736073
-0.0031569571,0.0453728392,0.002984792,-0.0634169488
-0.0022495003,0.2404518689,0.001716453,-0.3551566624
0.0025595371,0.0453055546,-0.0053866802,-0.0619329852
0.0034656482,-0.1497387513,-0.0066253399,0.2290455528
0.0004708732,0.0454772481,-0.0020444289,-0.0657198553
0.0013804181,-0.149615332,-0.003358826,0.2263173417
-0.0016118885,0.0455544603,0.0011675208,-0.0674231885
-0.0007007993,-0.1495842102,-0.0001809429,0.2256278688
-0.0036924835,0.0455403266,0.0043316144,-0.0671121287
-0.002781677,0.2405999081,0.0029893719,-0.3584252655
0.0020303212,0.0454355875,-0.0041791334,-0.0648012185
0.0029390329,-0.1496261974,-0.0054751578,0.226560242
-0.000053491,0.0455735717,-0.000943953,-0.0678447113
0.0008579804,-0.1495348334,-0.0023008472,0.2245402438
-0.0021327163,0.0456199265,0.0021899577,-0.0688675696
-0.0012203177,0.2407104123,0.0008126063,-0.3608587495
0.0035938905,0.0455769197,-0.0064045687,-0.0679197012
0.0045054289,-0.1494526266,-0.0077629627,0.2227356882
0.0015163764,0.0457794158,-0.003308249,-0.0723858396
0.0024319647,-0.1492949513,-0.0047559658,0.2192514865
-0.0005539343,0.0458946603,-0.000370936,-0.0749278683
0.0003639589,-0.1492219712,-0.0018694934,0.2176380036
-0.0026204805,0.0459266549,0.0024832667,-0.0756340548
-0.0017019474,-0.1492308079,0.0009705856,0.2178313165
0.0414972444,-0.0432289509,-0.0222986787,0.0416986522
0.0406326654,-0.2380241642,-0.0214647056,0.3272635633
0.0358721821,-0.042603302,-0.0149194343,0.0278896562
0.0350201161,-0.2375081555,-0.0143616412,0.3158282484
0.0302699529,-0.0421846108,-0.0080450763,0.0186509685
0.0294262607,-0.2371902681,-0.0076720569,0.3087847615
0.0246824554,-0.0419598472,-0.0014963617,0.013692186
0.0238432584,-0.2370603067,-0.0012225179,0.3059026175
0.0191020523,-0.0419209558,0.0048955344,0.0128343896
0.0182636332,0.1531304462,0.0051522222,-0.2782999259
0.0213262421,-0.0420646257,-0.0004137763,0.0160035424
0.0204849496,-0.2371806404,-9.37054629726883E-05,0.3085558892
0.0157413368,-0.0420573541,0.0060774123,0.0158434116
0.0149001897,0.1529769146,0.0063942806,-0.2749158406
0.017959728,-0.0422356819,0.0008959637,0.0197769737
0.0171150143,0.1528734088,0.0012915032,-0.2726231316
0.0201724825,-0.042266947,-0.0041609594,0.0204668598
0.0193271436,-0.2373289793,-0.0037516222,0.3118340568
0.014580564,-0.0421537817,0.0024850589,0.0179703463
0.0137374884,0.1529324429,0.0028444658,-0.2739274804
0.0167961372,-0.0422299781,-0.0026340838,0.0196512386
0.0159515377,-0.2373140549,-0.002241059,0.3115019188
0.0112052566,-0.0421602476,0.0039889794,0.0181130722
0.0103620516,0.1529042706,0.0043512408,-0.2733086204
0.013420137,-0.0422794955,-0.0011149316,0.0207435179
0.0125745471,-0.2373854397,-0.0007000612,0.3130744625
0.0078268383,-0.0422535225,0.005561428,0.0201708405
0.0069817679,0.1527882322,0.0059648448,-0.2707522157
0.0100375325,-0.0424183268,0.0005498005,0.0238060678
0.009189166,0.1526957354,0.0010259219,-0.26870334
0.0122430807,-0.0424408417,-0.0043481449,0.0243029926
0.0113942638,-0.2375001676,-0.0038620851,0.315610865
0.0066442605,-0.0423234173,0.0024501322,0.0217124728
0.0057977921,0.152763311,0.0028843817,-0.2701964032
0.0088530584,-0.042399682,-0.0025195464,0.0233948756
0.0080050647,-0.2374854101,-0.0020516489,0.3152817931
0.0032553565,-0.0423342944,0.004253987,0.0219525513
0.0024086706,0.1527263929,0.004693038,-0.2693851638
0.0054631985,-0.0424622156,-0.0006946653,0.0247742728
0.0046139542,-0.2375741978,-0.0001991798,0.3172379439
-0.0001375298,-0.0424494102,0.0061455791,0.0244922095
-0.000986518,0.1525838713,0.0066354233,-0.2662453993
0.0020651594,-0.0426321511,0.0013105153,0.0285229879
0.0012125164,0.152470982,0.001880975,-0.263746169
0.0042619361,-0.0426777669,-0.0033939483,0.0295294429
0.0034083807,-0.2377508828,-0.0028033595,0.3211396126
-0.0013466369,-0.0425891218,0.0036194328,0.0275739348
-0.0021984194,0.1524807376,0.0041709115,-0.2639648268
0.0008511954,-0.0427004979,-0.0011083851,0.0300307243
-2.81457463451029E-06,-0.2378065367,-0.0005077706,0.3223637376
-0.0047589453,-0.0426773585,0.0059395042,0.0295207234
-0.0056124925,0.1523589152,0.0065299186,-0.2612823228
-0.0025653142,-0.042855638,0.0013042722,0.0334530465
-0.0034224269,0.1522475852,0.0019733331,-0.2588180835
-0.0003774752,-0.0429024819,-0.0032030286,0.0344866067
-0.0012355249,-0.2379783546,-0.0025132964,0.3261572259
-0.005995092,-0.0428207102,0.0040098481,0.0326827756
-0.0068515062,0.1522435093,0.0046635036,-0.2587323091
-0.003806636,-0.0429447073,-0.0005111426,0.035417897
-0.0046655301,-0.2380593249,0.0001972154,0.3279395093
-0.0094267166,-0.0429401819,0.0067560055,0.0353187818
-0.0102855203,0.1520842382,0.0074623812,-0.2552249216
-0.0072438355,-0.0431434608,0.0023578828,0.0398023929
-0.0081067047,0.1519445993,0.0031539306,-0.252135667
-0.0050678127,-0.0432222459,-0.0018887827,0.0415403989
-0.0059322576,-0.2383170615,-0.0010579748,0.3336267986
-0.0106985989,-0.0431800683,0.0056145612,0.040610428
-0.0115622002,0.1518609227,0.0064267698,-0.250295775
-0.0085249818,-0.0433522125,0.0014208543,0.0444073379
-0.009392026,0.1517493356,0.002309001,-0.2478269577
-0.0063570393,-0.0434055155,-0.0026475381,0.0455833842
-0.0072251496,-0.2384894026,-0.0017358704,0.3374298141
-0.0119949377,-0.0433427924,0.0050127259,0.0441999941
-0.0128617935,0.1517069212,0.0058967257,-0.2468971652
-0.0098276551,-0.0434987485,0.0009587824,0.0476398759
-0.0106976301,0.1516094414,0.0019115799,-0.2447403924
-0.0076654413,-0.0435397607,-0.0029832279,0.0485448801
-0.0085362365,0.1516248402,-0.0020123303,-0.2450777863
-0.0055037397,-0.0434683115,-0.006913886,0.046969724
-0.0063731059,-0.2384904434,-0.0059744915,0.3374632638
-0.0111429148,-0.0432839849,0.0007747737,0.0429023118
-0.0120085945,0.1518268478,0.00163282,-0.2495360659
-0.0089720575,-0.0433183831,-0.0033579014,0.0436614391
-0.0098384252,-0.2383920228,-0.0024846726,0.3352830278
-0.0146062656,-0.0432347985,0.004220988,0.0418176021
-0.0154709616,0.1518263712,0.00505734,-0.2495305792
-0.0124344342,-0.043367436,6.67284438343949E-05,0.0447432388
-0.0133017829,0.1517535583,0.0009615932,-0.2479186338
-0.0102667117,-0.0433821127,-0.0039967795,0.0450674457
-0.011134354,-0.2384465248,-0.0030954305,0.3364866768
-0.0159032845,-0.0432806596,0.003634303,0.0428292264
-0.0167688977,0.1517889889,0.0044908875,-0.2487048311
-0.0137331179,-0.0433968084,-0.0004832091,0.0453912288
-0.014601054,-0.2385118273,0.0004246155,0.3379216596
-0.0193712906,-0.0433959209,0.0071830487,0.0453726634
-0.020239209,0.1516222966,0.0080905019,-0.2450353181
-0.0172067631,-0.0436142702,0.0031897956,0.0501885292
-0.0180790485,0.1514617976,0.0041935662,-0.2414862855
-0.0150498125,-0.0437198051,-0.0006361595,0.0525164489
-0.0159242086,0.1514112621,0.0004141694,-0.2403671235
-0.0128959834,-0.0437166031,-0.004393173,0.052446415
-0.0137703155,-0.238775287,-0.0033442447,0.3437400286
-0.0185458212,-0.04360592,0.0035305558,0.050004409
-0.0194179396,0.151465229,0.004530644,-0.2415625096
-0.016388635,-0.0437211463,-0.0003006062,0.0525460533
-0.0172630579,0.151405114,0.0007503149,-0.2402317021
-0.0142349557,-0.0437275476,-0.0040543192,0.0526878004
-0.0151095066,-0.2387911309,-0.0030005631,0.3440888041
-0.0198853292,-0.0436266227,0.0038812129,0.0504611953
-0.0207578617,0.1514394615,0.0048904368,-0.2409946533
-0.0177290725,-0.043752006,7.05437762738943E-05,0.0532268293
-0.0186041126,0.1513689337,0.0011350804,-0.2394338395
-0.0155767339,-0.0437692143,-0.0036535964,0.0536069075
-0.0164521182,-0.2388385878,-0.0025814583,0.3451348598
-0.0212288899,-0.04368001,0.0043212389,0.0516390207
-0.0221024901,0.1513797138,0.0053540193,-0.239677393
-0.0190748959,-0.043818311,0.0005604715,0.0546895217
-0.0199512621,0.1512955994,0.0016542619,-0.2378165193
-0.0169253501,-0.0438499459,-0.0031020685,0.055387751
-0.017802349,-0.2389272812,-0.0019943135,0.3470903392
-0.0225808946,-0.0437770198,0.0049474933,0.0537792016
-0.023456435,-0.2389695606,0.0060230774,0.3480189865
-0.0282358262,-0.0439337931,0.0129834571,0.0572414158
-0.0291145021,0.1509996146,0.0141282854,-0.2313170219
-0.0260945098,-0.0443213399,0.009501945,0.0657887472
-0.0269809366,0.1506630997,0.0108177199,-0.2238811792
-0.0239676746,-0.0446117803,0.0063400963,0.07219435
-0.0248599102,0.1504187057,0.0077839833,-0.2184815235
-0.0218515361,-0.0448136467,0.0034143529,0.0766466012
-0.022747809,0.1502591912,0.0049472849,-0.2149571324
-0.0197426252,-0.0449331375,0.0006481422,0.0792822735
-0.020641288,0.1501795164,0.0022337877,-0.213196092
-0.0176376976,-0.0449743002,-0.0020301341,0.0801906356
-0.0185371837,0.1501766944,-0.0004263214,-0.2131321122
-0.0155336498,-0.044939159,-0.0046889637,0.0794163029
-0.0164324329,0.1502496949,-0.0031006376,-0.2147423097
-0.013427439,-0.0448277912,-0.0073954838,0.0769609268
-0.0143239949,0.1503993943,-0.0058562653,-0.2180460956
-0.011316007,-0.0446383537,-0.0102171872,0.0727837775
-0.0122087741,0.1506285725,-0.0087615116,-0.2231051246
-0.0091962026,-0.0443670625,-0.0132236141,0.06680125
-0.0100835439,-0.2392969534,-0.0118875891,0.3552828928
-0.0148694829,-0.044008016,-0.0047819313,0.0588753154
-0.0157496432,-0.2390610781,-0.003604425,0.3500456811
-0.0205308648,-0.0438880511,0.0033964887,0.0562283435
-0.0214086258,0.1511850357,0.0045210555,-0.2353810331
-0.0183849251,-0.0440012169,-0.0001865651,0.0587245394
-0.0192649495,0.1511234088,0.0009879257,-0.2340172442
-0.0162424813,-0.044012644,-0.0036924192,0.0589771422
-0.0171227342,0.1511620542,-0.0025128764,-0.2348684781
-0.0140994931,-0.0439239039,-0.0072102459,0.0570207503
-0.0149779711,-0.2389417343,-0.0060698309,0.3474200981
-0.0197568058,-0.0437339759,0.000878571,0.0528293352
-0.0206314854,0.1513753667,0.0019351577,-0.2395762659
-0.017603978,-0.0437741756,-0.0028563676,0.0537164355
-0.0184794615,-0.2388550542,-0.0017820389,0.3454967886
-0.0232565626,-0.0437077988,0.0051278969,0.0522524512
-0.0241307186,0.1513402505,0.0061729459,-0.2388081811
-0.0211039136,-0.0438693398,0.0013967823,0.0558154601
-0.0219813004,0.1512325559,0.0025130915,-0.2364264441
-0.0189566493,-0.0439252093,-0.0022154374,0.0570481274
-0.0198351534,0.1512284373,-0.0010744748,-0.2363329621
-0.0168105847,-0.0438781465,-0.0058011341,0.056010849
-0.0176881476,-0.2389164403,-0.0046809171,0.3468578432
-0.0224664764,-0.0437282212,0.0022562398,0.0527025375
-0.0233410409,0.1513613058,0.0033102905,-0.2392676742
-0.0203138147,0.3464358114,-0.001475063,-0.5309046058
-0.0133850985,0.1513346402,-0.0120931551,-0.2386868357
-0.0103584057,-0.0436124806,-0.0168668918,0.0501571623
-0.0112306553,-0.2384885669,-0.0158637486,0.3374710812
-0.0160004267,-0.0431445038,-0.0091143269,0.0398281093
-0.0168633167,-0.2381345784,-0.0083177647,0.3296214977
-0.0216260083,-0.0428952137,-0.0017253348,0.0343271869
-0.0224839126,-0.2379923807,-0.0010387911,0.3264652535
-0.0272437602,-0.0428556551,0.005490514,0.0334549186
-0.0281008733,-0.2380559102,0.0061596124,0.3278650909
-0.0328619915,-0.04302219,0.0127169142,0.037130975
-0.0337224353,0.1519151122,0.0134595337,-0.2515126627
-0.0306841331,-0.0433964257,0.0084292805,0.0453850911
-0.0315520616,0.1516036462,0.0093369823,-0.2446264462
-0.0285199886,-0.0436504126,0.0044444533,0.0509869085
-0.0293929969,0.1514075288,0.0054641915,-0.2402904489
-0.0263648463,-0.0437920511,0.0006583825,0.0541110141
-0.0272406873,0.1513204536,0.0017406028,-0.2383641151
-0.0242142783,-0.0438263206,-0.0030266795,0.0548673398
-0.0250908047,-0.2389047432,-0.0019293327,0.346593791
-0.0298688995,-0.0437554018,0.0050025431,0.0533031003
-0.0307440076,0.1512944635,0.0060686051,-0.2377972953
-0.0277181183,-0.0439136574,0.0013126592,0.0567936533
-0.0285963915,0.1511894479,0.0024485323,-0.2354748308
-0.0255726025,-0.0439674007,-0.0022609643,0.0579794322
-0.0264519505,-0.2390568609,-0.0011013757,0.3499481517
-0.0312330877,-0.0439192633,0.0058975874,0.0569181284
-0.032111473,0.1511176321,0.0070359499,-0.2338982464
-0.0290891204,-0.0441041389,0.002357985,0.0609957141
-0.0299712031,0.1509839247,0.0035778993,-0.2309423208
-0.0269515246,-0.0441889694,-0.0010409471,0.0628670467
-0.027835304,0.150947891,0.0002163938,-0.2301441238
-0.0248163462,-0.0441771518,-0.0043864887,0.0626070533
-0.0256998892,-0.2392359373,-0.0031343476,0.3539027932
0.0329221625,0.0304683011,-0.0314866171,-0.0329021512
0.0335315286,-0.1641883015,-0.0321446601,0.2496824908
0.0302477625,0.0313775982,-0.0271510103,-0.0529637187
0.0308753145,-0.1633447327,-0.0282102846,0.2310307093
0.0276084198,0.0321687299,-0.0235896705,-0.0704155209
0.0282517944,-0.1626072212,-0.0249979809,0.214732399
0.02499965,0.032863028,-0.0207033329,-0.0857300087
0.0256569106,-0.1619561311,-0.0224179331,0.2003497585
0.022417788,0.033479155,-0.0184109379,-0.09931983
0.0230873711,-0.161374161,-0.0203973345,0.1874980995
0.0198598878,-0.3561984351,-0.0166473725,0.4736773196
0.0127359191,-0.1608453853,-0.0071738261,0.1757942468
0.0095190114,0.0343784942,-0.0036579412,-0.119143124
0.0102065813,-0.160690857,-0.0060408037,0.1723835128
0.0069927642,0.0345170298,-0.0025931334,-0.1221989602
0.0076831048,-0.1605676741,-0.0050371126,0.1696647313
0.0044717513,0.0346260116,-0.001643818,-0.1246029877
0.0051642715,-0.1604723512,-0.0041358777,0.1675608789
0.0019548245,0.0347085563,-0.0007846602,-0.126423923
0.0026489956,-0.1604021452,-0.0033131386,0.1660113491
-0.0005590473,0.0347670751,7.08836291042148E-06,-0.1277149355
0.0001362942,-0.1603549777,-0.0025472103,0.1649702276
-0.0030708053,0.0348033438,0.0007521942,-0.128515184
-0.0023747385,-0.1603293747,-0.0018181095,0.1644049561
-0.0055813259,0.0348185556,0.0014699896,-0.1288509795
-0.0048849548,-0.1603244227,-0.0011070299,0.1642953485
-0.0080914433,0.0348133583,0.002178877,-0.1287366104
-0.0073951761,-0.1603397381,-0.0003958552,0.1646329287
-0.0106019709,0.0347878776,0.0028968034,-0.1281748533
-0.0099062133,-0.1603754516,0.0003333063,0.1654205711
-0.0131137224,0.0347417269,0.0036417177,-0.1271571882
-0.0124188878,-0.1604322046,0.001098574,0.1666724304
-0.0156275319,0.034674004,0.0044320226,-0.1256637253
-0.0149340518,-0.1605111593,0.0019187481,0.1684141545
-0.018144275,0.0345832749,0.0052870312,-0.1236628465
-0.0174526095,-0.1606140205,0.0028137742,0.1706833844
-0.0206648899,0.0344675442,0.0062274419,-0.1211105558
-0.0199755391,-0.1607430723,0.0038052308,0.1735305472
-0.0231904005,0.034324212,0.0072758418,-0.1179495256
-0.0225039163,-0.1609012268,0.0049168513,0.1770199601
-0.0257219408,0.034150016,0.0084572505,-0.1141078191
-0.0250389405,-0.1610920896,0.0061750941,0.1812312678
-0.0282607823,0.0339409577,0.0097997194,-0.1094972593
-0.0275819631,-0.1613200402,0.0076097742,0.1862612452
-0.0308083639,0.0336922113,0.0113349991,-0.1040114103
-0.0301345197,-0.1615903311,0.0092547709,0.1922260041
-0.0333663263,0.0333980124,0.013099291,-0.0975231217
-0.0326983661,-0.1619092068,0.0111488286,0.199263654
-0.0359365502,0.033051526,0.0151341017,-0.0898815829
-0.0352755197,-0.1622840446,0.01333647,0.2075374747
-0.0385212006,0.0326446885,0.0174872195,-0.0809088167
-0.0378683068,-0.1627235211,0.0158690432,0.2172396714
-0.0411227772,0.0321680228,0.0202138366,-0.0703955332
-0.0404794168,-0.1632378064,0.0188059259,0.2285957938
-0.0437441729,0.0316104209,0.0233778418,-0.0580962495
-0.0431119645,0.2263895111,0.0222159168,-0.3433125904
-0.0385841743,0.0309586668,0.015349665,-0.0437077194
-0.0379650009,0.2258571848,0.0144755106,-0.3315084323
-0.0334478572,0.0305322091,0.007845342,-0.0342960131
-0.032837213,0.225540782,0.0071594217,-0.3244933637
-0.0283263974,0.0303176254,0.0006695544,-0.0295612816
-0.0277200449,-0.1648139213,7.83288083349318E-05,0.2633328217
-0.0310163233,0.0303069118,0.0053449852,-0.0293253984
-0.0304101851,0.2253518063,0.0047584773,-0.3203171428
-0.025903149,0.0301624123,-0.0016478656,-0.0261373795
-0.0252999007,-0.1649358685,-0.0021706132,0.266025172
-0.0285986181,0.0302169953,0.0031498903,-0.0273415937
-0.0279942782,0.2252936334,0.0026030584,-0.3190290331
-0.0234884055,0.030134706,-0.0037775223,-0.0255263354
-0.0228857114,-0.1649328693,-0.004288049,0.2659623509
-0.0261843688,0.0302500195,0.001031198,-0.0280699732
-0.0255793684,-0.1648867046,0.0004697986,0.2649381295
-0.0288771025,0.0302285381,0.0057685612,-0.0275965814
-0.0282725317,0.2252672909,0.0052166295,-0.3184538954
-0.0237671859,0.0300714317,-0.0011524484,-0.0241304085
-0.0231657573,-0.1650339734,-0.0016350565,0.2681886851
-0.0264664367,0.030111274,0.0037287172,-0.0250095011
-0.0258642113,0.2251795543,0.0032285271,-0.3165136471
-0.0213606202,0.030011766,-0.0031017458,-0.0228143051
-0.0207603848,-0.1650655662,-0.0035580319,0.2688883738
-0.0240616962,0.0301069802,0.0018197356,-0.0249146519
-0.0234595566,0.2252027876,0.0013214425,-0.3170228765
-0.0189555008,0.0300620395,-0.005019015,-0.0239235059
-0.01835426,-0.1649875762,-0.0054974851,0.2671716484
-0.0216540115,0.0302124009,-0.0001540521,-0.0272401453
-0.0210497635,-0.1649073407,-0.000698855,0.2653941724
-0.0243479103,0.0302245781,0.0046090284,-0.0275090977
-0.0237434188,0.2252801303,0.0040588464,-0.3187342687
-0.0192378162,0.0301006074,-0.0023158389,-0.0247740985
-0.018635804,-0.1649880562,-0.0028113209,0.2671772563
-0.0219355652,0.0301739046,0.0025322242,-0.0263910554
-0.0213320871,0.2252594504,0.0020044031,-0.3182739627
-0.0168268981,0.0301090086,-0.0043610761,-0.024959594
-0.0162247179,-0.1649501304,-0.004860268,0.2663441799
-0.0195237205,0.0302408493,0.0004666156,-0.0278677448
-0.0189189035,0.2253561058,-9.07393115967004E-05,-0.3204034127
-0.0144117814,0.030235447,-0.0064988076,-0.027749103
-0.0138070724,-0.1647927066,-0.0070537896,0.2628763138
-0.0171029266,0.0304292166,-0.0017962634,-0.032023083
-0.0164943422,-0.1646669293,-0.002436725,0.2600925627
-0.0197876808,0.0304897223,0.0027651262,-0.0333579422
-0.0191778864,0.2255719117,0.0020979674,-0.3251671614
-0.0146664482,0.0304201519,-0.0044053758,-0.031823364
-0.0140580451,-0.164638348,-0.0050418431,0.2594663704
-0.0173508121,0.0305552152,0.0001474843,-0.0348025486
-0.0167397078,-0.1645688507,-0.0005485667,0.2579269074
-0.0200310848,0.0305609279,0.0046099715,-0.034928995
-0.0194198662,0.2256164685,0.0039113916,-0.3261538701
-0.0149075369,0.0304390472,-0.0026116858,-0.0322400315
-0.0142987559,-0.1646453541,-0.0032564865,0.2596177377
-0.017591663,0.030522934,0.0019358683,-0.0340905475
-0.0169812043,0.2256170708,0.0012540573,-0.3261620595
-0.0124688629,0.0304772872,-0.0052691838,-0.0330839214
-0.0118593172,-0.164568707,-0.0059308623,0.2579318755
-0.0151506913,0.0306374121,-0.0007722248,-0.0366158167
-0.0145379431,-0.1644734568,-0.0015045411,0.2558233653
-0.0178274122,0.0306699433,0.0036119262,-0.0373337385
-0.0172140133,0.2257399134,0.0028652514,-0.3288748809
-0.0126992151,0.0305772901,-0.0037122462,-0.0352897648
-0.0120876693,-0.1644912304,-0.0044180415,0.2562196019
-0.0153774939,0.0306935194,0.0007063506,-0.0378535655
-0.0147636235,-0.1644385538,-5.07207445746441E-05,0.2550521384
-0.0180523945,0.0306841216,0.005050322,-0.0376467862
-0.0174387121,0.225733288,0.0042973863,-0.3287320163
-0.0129240464,0.0305504236,-0.002277254,-0.0346969954
-0.0123130379,-0.1645387973,-0.0029711939,0.257266565
-0.0156038138,0.0306254471,0.0021741374,-0.036352039
-0.0149913049,0.2257161534,0.0014470966,-0.328348211
-0.0104769818,0.0305736308,-0.0051198676,-0.0352092874
-0.0098655092,-0.1644745274,-0.0058240534,0.2558538808
-0.0131549998,0.030730091,-0.0007069758,-0.0386603429
-0.0125403979,-0.1643817151,-0.0014801826,0.2537994422
-0.0158280322,0.0307613398,0.0035958062,-0.039349993
-0.0152128054,0.2258315432,0.0028088064,-0.3308962417
-0.0106961746,0.0306697225,-0.0038091185,-0.0373288774
-0.0100827801,-0.164397399,-0.004555696,0.254149804
-0.0133707281,0.0307893032,0.0005273001,-0.039966581
-0.012754942,-0.1643402055,-0.0002720316,0.2528826675
-0.0160417461,0.030785629,0.0047856218,-0.0398860507
-0.0154260336,0.2258386291,0.0039879008,-0.331055233
-0.010909261,0.0306601396,-0.0026332039,-0.0371173871
-0.0102960582,-0.1644239523,-0.0033755516,0.2547335753
-0.0135845372,0.0307460325,0.0017191199,-0.0390121443
-0.0129696166,-0.1644005287,0.000938877,0.2542126858
-0.0162576272,0.0307080043,0.0060231307,-0.0381739549
-0.0156434671,0.225743068,0.0052596516,-0.328950454
-0.0111286057,0.0305466374,-0.0013193575,-0.0346135277
-0.010517673,-0.164556369,-0.002011628,0.2576528363
-0.0138088003,0.0305942437,0.0031414287,-0.0356639088
-0.0131969155,0.2256710056,0.0024281505,-0.3273540293
-0.0086834954,0.0305145693,-0.0041189301,-0.0339063623
-0.008073204,-0.1645480735,-0.0047970573,0.257474158
-0.0113641654,-0.3596012108,0.0003524258,0.5486401681
-0.0185561897,-0.1644842122,0.0113252292,0.2560683015
-0.0218458739,0.0304742275,0.0164465952,-0.0330210578
-0.0212363894,0.2253565137,0.0157861741,-0.3204698717
-0.0167292591,0.0300133466,0.0093767766,-0.0228506879
-0.0161289921,0.2249995793,0.0089197629,-0.3125604473
-0.0116290006,0.0297516992,0.0026685539,-0.0170779023
-0.0110339666,0.2248352788,0.0023269959,-0.3089176757
-0.006537261,0.0296802491,-0.0038513576,-0.0155017876
-0.005943656,0.2248572212,-0.0041613934,-0.3093973707
-0.0014465116,0.0297948083,-0.0103493408,-0.0180297309
-0.0008506154,-0.1651772042,-0.0107099354,0.2713699735
-0.0041541595,0.0300959232,-0.0052825359,-0.0246715797
-0.0035522411,0.2252932306,-0.0057759675,-0.3190165139
0.0009536236,0.030254016,-0.0121562978,-0.0281606971
0.0015587039,-0.1646915149,-0.0127195117,0.2606621298
-0.0017351264,0.0306096781,-0.0075062691,-0.0360053978
-0.0011229329,-0.1644038318,-0.0082263771,0.2542998038
-0.0044110095,0.0308346066,-0.003140381,-0.0409664722
-0.0037943174,-0.1642421716,-0.0039597105,0.2507239817
-0.0070791608,0.0309361003,0.0010547692,-0.0432052828
-0.0064604388,-0.1642009601,0.0001906635,0.249810247
-0.009744458,0.0309182678,0.0051868685,-0.0428125345
-0.0091260926,0.2259654584,0.0043306178,-0.3338544523
-0.0046067835,0.0307821393,-0.0023464713,-0.0398090214
-0.0039911407,-0.1643060852,-0.0031426517,0.2521326479
-0.0072772624,0.0308606,0.0019000012,-0.0415398724
-0.0066600504,0.2259552542,0.0010692038,-0.3336227253
-0.0021409453,0.0308181014,-0.0056032507,-0.0406028177
-0.0015245833,-0.1642230536,-0.0064153071,0.2503069751
-0.0048090443,0.03098992,-0.0014091676,-0.044392547
-0.0041892459,-0.1641117961,-0.0022970185,0.2478454414
-0.0074714819,0.0310428846,0.0026598903,-0.0455611302
-0.0068506242,-0.1641171067,0.0017486677,0.2479598281
-0.0101329663,0.0309798273,0.0067078643,-0.0441710175
-0.0095133698,0.2260049515,0.0058244439,-0.3347300251
-0.0049932707,0.0308005924,-0.0008701566,-0.0402160761
-0.0043772589,-0.1643088701,-0.0016744781,0.2521921808
-0.0076634363,0.0308369516,0.0033693655,-0.0410184377
-0.0070466973,0.225910425,0.0025489968,-0.3326363954
-0.0025284888,0.0307522856,-0.0041037311,-0.0391507329
-0.001913443,-0.1643105786,-0.0048867458,0.252234606
-0.0051996546,0.0308808102,0.0001579463,-0.0419856788
-0.0045820384,-0.1642434055,-0.0006817673,0.2507470774
-0.0078669065,0.0308882748,0.0043331743,-0.0421508146
-0.007249141,0.2259478222,0.003490158,-0.3334634397
-0.0027301846,0.03077637,-0.0031791108,-0.0396819401
-0.0021146572,-0.164299849,-0.0039727496,0.2519962528
0.0444008457,0.0188956371,-0.0124484559,-0.0442410532
0.0447787585,-0.176045617,-0.013333277,0.24448842
0.0412578461,0.0192642123,-0.0084435086,-0.0523701505
0.0416431304,-0.1757356578,-0.0094909116,0.2376368661
0.0381284172,0.019520589,-0.0047381742,-0.0580245992
0.038518829,-0.175533106,-0.0058986662,0.2331596411
0.0350081669,0.0196726289,-0.0012354734,-0.0613780651
0.0354016194,-0.1754315866,-0.0024630347,0.2309148057
0.0318929877,0.0197254733,0.0021552614,-0.0625440276
0.0322874972,0.2148164569,0.0009043809,-0.354546177
0.0365838263,0.0196816581,-0.0061865427,-0.0615782106
0.0369774595,-0.175351048,-0.0074181069,0.2291464182
0.0334704385,0.0198761198,-0.0028351785,-0.0658671796
0.0338679609,-0.1752050683,-0.0041525221,0.225919885
0.0303638595,0.0199759824,0.0003658756,-0.0680700049
0.0307633792,-0.1751512124,-0.0009955245,0.2247283352
0.0272603549,0.0199849529,0.0034990422,-0.0682684518
0.027660054,-0.1751869886,0.0021336731,0.2255163845
0.0241563142,0.0199044036,0.0066440008,-0.0664927383
0.0245544023,0.2149304717,0.0053141461,-0.3570720618
0.0288530117,0.0197333737,-0.0018272952,-0.0627181974
0.0292476792,-0.1753623309,-0.0030816591,0.2293876463
0.0257404326,0.0198035217,0.0015060938,-0.0642657489
0.026136503,-0.1753399906,0.0002207788,0.228891979
0.0226297032,0.0197788049,0.0047986184,-0.0637212982
0.0230252793,-0.1754116166,0.0035241924,0.2304717515
0.019517047,0.0196597984,0.0081336275,-0.0610974433
0.019910243,0.2146641923,0.0069116786,-0.3512030987
0.0242035268,0.0194446347,-0.0001123834,-0.0563487394
0.0245924195,-0.1756757049,-0.0012393582,0.2362987275
0.0210789054,0.019463931,0.0034866164,-0.0567748728
0.021468184,0.2145357169,0.0023511189,-0.34835571
0.0257588984,0.0193804046,-0.0046159953,-0.0549323223
0.0261465064,-0.1756750569,-0.0057146417,0.2362906551
0.0226330053,0.0195280712,-0.0009888286,-0.0581893514
0.0230235667,-0.1755796881,-0.0021526156,0.2341814289
0.019511973,0.0195729533,0.002531013,-0.0591797235
0.019903432,-0.175585196,0.0013474185,0.2343006799
0.0163917281,0.0195174775,0.0060334321,-0.0579569238
0.0167820777,0.2145524028,0.0048742936,-0.3487301688
0.0210731257,0.0193614659,-0.0021003098,-0.0545142048
0.021460355,-0.175730307,-0.0031905939,0.2375053185
0.0179457489,0.0194370807,0.0015595125,-0.0561823061
0.0183344905,-0.1757071966,0.0004358664,0.2369922505
0.0148203466,0.0194085248,0.0051757114,-0.0555531591
0.0152085171,0.2144558833,0.0040646482,-0.3465986259
0.0194976347,0.0192763521,-0.0028673243,-0.0526367442
0.0198831618,-0.1758043681,-0.0039200592,0.239140141
0.0163670744,0.0193733637,0.0008627436,-0.0547767018
0.0167545417,-0.1757609473,-0.0002327904,0.2381783025
0.0132393228,0.0193643288,0.0045307756,-0.0545780442
0.0136266093,-0.1758222932,0.0034392148,0.2395309272
0.0101101635,0.0192503587,0.0082298333,-0.0520651931
0.0104951706,0.2142533428,0.0071885294,-0.3421402199
0.0147802375,0.0190298602,0.000345725,-0.0471991526
0.0151608347,-0.1760970467,-0.000598258,0.2455928335
0.0116388938,0.0190334441,0.0043135987,-0.0472787382
0.0120195626,0.2140932766,0.0033680239,-0.3385975707
0.0163014282,0.018923562,-0.0034039275,-0.0448544622
0.0166798994,-0.1761494136,-0.0043010168,0.2467525532
0.0131569111,0.0190337001,0.0006340343,-0.0472839043
0.0135375851,-0.176097337,-0.0003116438,0.2455989985
0.0100156384,0.0190290639,0.0046003362,-0.0471822119
0.0103962197,0.2140847485,0.0036566919,-0.3384101487
0.0146779147,0.4091544756,-0.003111511,-0.629937718
0.0228610042,0.2140760813,-0.0157102654,-0.3382363258
0.0271425258,0.0191811672,-0.0224749919,-0.0505486588
0.0275261491,-0.1756114259,-0.0234859651,0.2349593466
0.0240139206,0.0198380728,-0.0187867781,-0.0650382881
0.0244106821,-0.1750095581,-0.0200875439,0.2216585943
0.0209104909,0.0203936691,-0.015654372,-0.0772924539
0.0213183643,-0.1745004091,-0.0172002211,0.2104106461
0.0178283561,0.0208631983,-0.0129920082,-0.0876480332
0.0182456201,-0.1740701395,-0.0147449688,0.2009077534
0.0147642173,0.0212595578,-0.0107268138,-0.0963898062
0.0151894084,-0.1737070228,-0.0126546099,0.1928896168
0.011715268,0.021593647,-0.0087968176,-0.1037582878
0.0121471409,-0.1734011398,-0.0108719833,0.1861363443
0.0086791181,-0.3683658645,-0.0071492564,0.4753698478
0.0013118008,-0.1731436922,0.0023581405,0.1804422095
-0.002151073,0.0219444354,0.0059669847,-0.1114958757
-0.0017121843,-0.1732625081,0.0037370672,0.18306361
-0.0051774345,0.0218057714,0.0073983394,-0.108438071
-0.004741319,-0.1734214122,0.005229578,0.186569782
-0.0082097473,0.0216253279,0.0089609736,-0.1044588385
-0.0077772407,-0.1736238874,0.0068717968,0.1910377167
-0.0112497185,0.0213990862,0.0106925512,-0.0994695443
-0.0108217367,-0.1738744635,0.0087031603,0.1965675862
-0.014299226,0.0211219254,0.012634512,-0.0933572228
-0.0138767875,-0.1741788155,0.0107673676,0.2032849544
-0.0173603638,0.0207875081,0.0148330666,-0.0859820335
-0.0169446136,-0.1745438884,0.013113426,0.211343591
-0.0204354914,0.0203881375,0.0173402978,-0.0771740708
-0.0200277287,-0.1749780505,0.0157968164,0.2209289464
-0.0235272897,0.0199145829,0.0202153953,-0.0667294585
-0.023128998,0.2147409576,0.0188808061,-0.3529663876
-0.0188341789,0.019355683,0.0118214784,-0.0543900858
-0.0184470652,-0.1759337588,0.0107336767,0.2419990424
-0.0219657404,0.0190332374,0.0155736575,-0.0472789647
-0.0215850756,0.2139284512,0.0146280782,-0.3350078636
-0.0173065066,0.0186014015,0.007927921,-0.0377481341
-0.0169344786,0.2136087737,0.0071729583,-0.3279192157
-0.0126623031,0.0183854427,0.000614574,-0.0329829209
-0.0122945943,-0.1767453163,-4.50844627815877E-05,0.2598938471
-0.0158295006,0.0183772784,0.0051527925,-0.0328032996
-0.015461955,-0.1768181854,0.0044967265,0.2615009235
-0.0189983187,0.0182392884,0.009726745,-0.029760296
-0.018633533,0.2132204114,0.009131539,-0.3193585273
-0.0143691247,0.0179696076,0.0027443685,-0.0238098972
-0.0140097326,0.2130520948,0.0022681705,-0.3156256827
-0.0097486907,0.0178979087,-0.0040443431,-0.022228315
-0.0093907325,-0.1771658098,-0.0044889094,0.2691758363
-0.0129340487,0.018019913,0.0008946073,-0.0249195331
-0.0125736504,-0.1771148563,0.0003962167,0.2680455181
-0.0161159476,0.0180014382,0.005757127,-0.0245124128
-0.0157559188,0.2130403559,0.0052668788,-0.3153733552
-0.0114951117,0.0178437786,-0.0010405883,-0.0210340951
-0.0111382361,-0.177263234,-0.0014612702,0.2713203325
-0.0146835008,0.0178795385,0.0039651364,-0.021823127
-0.01432591,0.2129444019,0.0035286739,-0.3132523749
-0.010067022,0.0177723604,-0.0027363736,-0.0194587073
-0.0097115748,-0.1773102416,-0.0031255478,0.2723596072
-0.0132577796,0.0178561686,0.0023216444,-0.0213074876
-0.0129006562,0.2129447482,0.0018954946,-0.3132570056
-0.0086417613,0.0177958457,-0.0043696455,-0.0199769026
-0.0082858444,-0.1772631684,-0.0047691835,0.2713241536
-0.0118311077,0.0179265115,0.0006572995,-0.0228591712
-0.0114725775,-0.1772048599,0.0002001161,0.2700310687
-0.0150166747,0.017914235,0.0056007375,-0.0225887337
-0.01465839,0.2129554203,0.0051489628,-0.3134993148
-0.0103992816,0.0177604991,-0.0011210235,-0.0191970259
-0.0100440716,-0.1773453575,-0.001504964,0.2731319943
-0.0135909788,0.0177980352,0.0039576759,-0.0200252225
-0.013235018,0.2128630061,0.0035571714,-0.3114568338
-0.0089777579,0.0176905577,-0.0026719653,-0.017654207
-0.0086239468,-0.1773929728,-0.0030250494,0.2741844871
-0.0121718062,0.0177720093,0.0024586403,-0.0194510096
-0.011816366,0.2128586148,0.0020696202,-0.3113571939
-0.0075591937,0.0177072392,-0.0041575237,-0.0180222895
-0.007205049,-0.1773548424,-0.0045179695,0.2733459957
-0.0107521458,0.0178312814,0.0009489504,-0.0207584804
-0.0103955202,0.2129396108,0.0005337808,-0.3131418514
-0.006136728,0.0178100595,-0.0057290562,-0.0202906346
-0.0057805268,-0.1772292643,-0.0061348689,0.2705792166
-0.0093251121,0.0179796919,-0.0007232846,-0.0240323476
-0.0089655182,-0.1771318793,-0.0012039315,0.268422287
-0.0125081558,0.0180072327,0.0041645142,-0.0246401247
-0.0121480112,0.2130692143,0.0036717117,-0.3160061963
-0.0078866269,0.0178951561,-0.0026484122,-0.0221676015
-0.0075287237,-0.1771887143,-0.0030917643,0.2696785456
-0.011072498,0.0179772212,0.0023018067,-0.0239779357
-0.0107129536,0.2130660869,0.0018222479,-0.3159337285
-0.0064516319,0.0179182269,-0.0044964266,-0.0226766839
-0.0060932673,-0.1771389536,-0.0049499603,0.2685841841
-0.0096360464,0.0180532879,0.0004217234,-0.0256558735
-0.0092749807,-0.1770747087,-9.1394092546471E-05,0.267160082
-0.0128164748,0.0180485468,0.0052518075,-0.0255516698
-0.0124555039,0.2130947905,0.0047407742,-0.3165729764
-0.0081936081,0.0179056352,-0.0015906854,-0.0223987511
-0.0078354954,-0.177193468,-0.0020386604,0.2697818721
-0.0113793647,0.0179575164,0.003356977,-0.023543362
-0.0110202144,0.213031165,0.0028861098,-0.3151652367
-0.0067595911,0.0178682216,-0.0034171949,-0.0215735257
-0.0064022267,-0.1772045573,-0.0038486654,0.2700292808
-0.0099463178,0.0179721035,0.0015519202,-0.023865047
-0.0095868758,0.2130717645,0.0010746192,-0.3160579217
-0.0053254405,0.0179345229,-0.0052465392,-0.0230362903
-0.00496675,-0.1771117966,-0.005707265,0.2679866868
-0.0085089859,0.0180911383,-0.0003475313,-0.0264908736
-0.0081471632,-0.1770258273,-0.0008773487,0.266082383
-0.0116876797,0.0181086348,0.0044442989,-0.026877138
-0.011325507,0.2131665703,0.0039067562,-0.3181545322
-0.0070621756,0.0179891948,-0.0024563345,-0.0242421198
-0.0067023917,-0.1770974444,-0.0029411769,0.2676647946
-0.0102443406,0.0180663582,0.002412119,-0.0259443479
-0.0098830134,0.2131536348,0.0018932321,-0.3178652491
-0.0056199407,0.0180047697,-0.0044640729,-0.0245858662
-0.0052598454,-0.1770528792,-0.0049557903,0.2666852588
-0.0088009029,0.0181394495,0.0003779149,-0.0275566352
-0.0084381139,-0.1769879192,-0.0001732178,0.265245504
-0.0119778723,0.0181365039,0.0051316923,-0.0274920523
-0.0116151423,0.2131844883,0.0045818512,-0.3185514658
-0.0073514525,0.017997581,-0.0017891781,-0.0244271185
-0.0069915009,-0.1770986662,-0.0022777204,0.2676907658
-0.0105334742,0.0180557175,0.0030760949,-0.0257096995
-0.0101723598,0.2131334202,0.0025619009,-0.3174204987
-0.0059096914,0.0179750733,-0.0037865091,-0.0239307409
-0.00555019,-0.1770923719,-0.0042651239,0.2675550981
-0.0090920374,0.0180901891,0.0010859781,-0.0264700229
-0.0087302336,-0.1770473191,0.0005565776,0.2665553442
-0.01227118,0.0180666842,0.0058876845,-0.0259519815
-0.0119098463,0.2131037085,0.0053686449,-0.3167714781
-0.0076477722,0.0179057018,-0.0009667847,-0.0224003136
-0.0072896581,-0.1772023715,-0.001414791,0.2699774249
-0.0108337056,0.0179397407,0.0039847575,-0.0231513988
-0.0104749107,0.2130043207,0.0035217295,-0.3145744303
-0.0062148243,0.0178323803,-0.0027697591,-0.0207829488
-0.0058581767,-0.1772497404,-0.003185418,0.2710248017
-0.0094031715,0.0179175209,0.002235078,-0.0226611163
-0.0090448211,0.2130073477,0.0017818557,-0.3146380133
