-0.0442651531,0.0461550058,0.0037095404,-0.01410325
-0.043342053,-0.1490199479,0.0034274754,0.2797477687
-0.0463224519,-0.3441906243,0.0090224308,0.5735097395
-0.0532062644,-0.5394379053,0.0204926256,0.8690212992
-0.0639950225,-0.3446006546,0.0378730516,0.5828511974
-0.0708870356,-0.1500292011,0.0495300755,0.302335323
-0.0738876196,-0.3458207931,0.055576782,0.6102184324
-0.0808040355,-0.151517943,0.0677811506,0.335545324
-0.0838343944,-0.3475357669,0.0744920571,0.6488093001
-0.0907851097,-0.1535262564,0.0874682431,0.3804825055
-0.0938556348,0.0402517965,0.0950778932,0.1166095053
-0.0930505989,-0.1560947663,0.0974100833,0.4377099558
-0.0961724942,0.0375231773,0.1061642825,0.1772531371
-0.0954220307,0.2309782967,0.1097093452,-0.0801420734
-0.0908024647,0.4243704992,0.1081065037,-0.3362964726
-0.0823150548,0.2278894657,0.1013805743,-0.0115740139
-0.0777572654,0.4214223778,0.101149094,-0.2706279504
-0.0693288179,0.2250134247,0.095736535,0.0521667991
-0.0648285494,0.4186415423,0.096779871,-0.2088418071
-0.0564557185,0.6122560123,0.0926030348,-0.4694955931
-0.0442105983,0.4159562823,0.083213123,-0.1491211982
-0.0358914727,0.6097941558,0.080230699,-0.4144354935
-0.0236955895,0.8036927124,0.0719419891,-0.6807852138
-0.0076217353,0.6076491806,0.0583262849,-0.3663478728
0.0045312483,0.8018958783,0.0509993274,-0.6400842393
0.0205691659,0.6061013958,0.0381976426,-0.3317870653
0.0326911938,0.8006594099,0.0315619013,-0.6121838323
0.048704382,0.6051109021,0.0193182247,-0.3097294972
0.0608066,0.7999523587,0.0131236347,-0.5962579438
0.0768056472,0.6046492299,0.0011984758,-0.2994702401
0.0888986318,0.7997540776,-0.004790929,-0.5917749497
0.1048937134,0.604699525,-0.016626428,-0.3006050063
0.1169877039,0.409818453,-0.0226385281,-0.0132117464
0.1251840729,0.6052576313,-0.022902763,-0.3129505535
0.1372892256,0.410469311,-0.0291617741,-0.0275775236
0.1454986118,0.6059970628,-0.0297133246,-0.3293167976
0.157618553,0.4113104233,-0.0362996605,-0.0461501748
0.1658447615,0.6069335795,-0.037222664,-0.3500613627
0.1779834331,0.4123602304,-0.0442238913,-0.069344442
0.1862306377,0.6080873919,-0.0456107801,-0.3756457219
0.1983923855,0.4136419602,-0.0531236945,-0.0976858272
0.2066652247,0.6094834534,-0.0550774111,-0.4066446683
0.2188548938,0.4151839995,-0.0632103044,-0.1318220076
0.2271585738,0.2210217819,-0.0658467446,0.1402682184
0.2315790094,0.4170219896,-0.0630413802,-0.1724399177
0.2399194492,0.2228563108,-0.0664901786,0.0997081582
0.2443765754,0.4188650639,-0.0644960154,-0.2131890151
0.2527538767,0.2247216688,-0.0687597957,0.0584719132
0.2572483101,0.4207586906,-0.0675903574,-0.2550882136
0.2656634839,0.2266636297,-0.0726921217,0.0155331566
0.2701967565,0.0326553844,-0.0723814586,0.2844243203
0.2708498642,0.2287310283,-0.0666929722,-0.0301806129
0.2754244848,0.0346257389,-0.0672965844,0.2407368316
0.2761169995,0.230641251,-0.0624818478,-0.0723911623
0.2807298246,0.0364681261,-0.0639296711,0.1999424607
0.2814591871,-0.1576839859,-0.0599308218,0.471793183
0.2783055074,0.0382309713,-0.0504949582,0.1608392244
0.2790701268,0.2340380899,-0.0472781737,-0.1473362998
0.2837508886,0.0396239394,-0.0502248997,0.1300644616
0.2845433674,-0.154743907,-0.0476236105,0.4064886696
0.2814484892,0.0410198673,-0.0394938371,0.0991798911
0.2822688866,-0.1535144617,-0.0375102392,0.3791456737
0.2791985973,0.0421195458,-0.0299273258,0.0748756593
0.2800409883,-0.1525608691,-0.0284298126,0.3579681976
0.2769897709,0.0429534742,-0.0212704486,0.0564579547
0.2778488404,-0.1518571377,-0.0201412895,0.3423547306
0.2748116976,0.0435454887,-0.0132941949,0.0433891024
0.2756826074,-0.1513833306,-0.0124264129,0.3318481153
0.2726549408,0.0439132737,-0.0057894506,0.0352725548
0.2735332062,-0.1511251789,-0.0050839995,0.3261232418
0.2705107027,0.0440687864,0.0014384654,0.0318413884
0.2713920784,0.2391700798,0.0020752931,-0.2603873403
0.27617548,0.0440185647,-0.0031324537,0.0329494377
0.2770558513,0.2391852962,-0.0024734649,-0.2607201631
0.2818395572,0.0440987412,-0.0076878682,0.0311815762
0.282721532,-0.150912123,-0.0070642367,0.3214290173
0.2797032896,0.0443097115,-0.0006356563,0.026526704
0.2805894838,0.2394407727,-0.0001051222,-0.2663567117
0.2853782993,0.044320322,-0.0054322565,0.0262930568
0.2862647057,0.239519753,-0.0049063953,-0.2680988452
0.2910551008,0.0444681651,-0.0102683722,0.0230325408
0.2919444641,-0.1505050341,-0.0098077214,0.3124580729
0.2889343634,0.0447552567,-0.00355856,0.0166982994
0.2898294685,0.2399280606,-0.003224594,-0.2771052672
0.2946280297,0.0448522614,-0.0087666993,0.0145588814
0.2955250749,-0.1501428743,-0.0084755217,0.3044629686
0.2925222175,0.0450988298,-0.0023862623,0.0091191577
0.2934241941,-0.149988818,-0.0022038792,0.3010482357
0.2904244177,0.0451644758,0.0038170855,0.0076710661
0.2913277072,0.2402314772,0.0039705069,-0.283805084
0.2961323368,0.0450531209,-0.0017055948,0.0101274687
0.2970333992,0.240199491,-0.0015030454,-0.2830931054
0.301837389,0.0450990104,-0.0071649075,0.0091153898
0.3027393692,-0.1499194571,-0.0069825998,0.2995291177
0.2997409801,0.0453013239,-0.0009920174,0.0046522172
0.3006470065,0.240437488,-0.0008989731,-0.288343538
0.3054557563,0.4355722474,-0.0066658438,-0.5813098568
0.3141672012,0.2405443278,-0.0182920409,-0.2907342202
0.3189780878,0.0456879144,-0.0241067254,-0.003876058
0.3198918461,-0.149080165,-0.0241842465,0.2811044847
0.3169102428,0.046378261,-0.0185621568,-0.0191068945
0.317837808,-0.1484726376,-0.0189442947,0.2676621417
0.3148683553,0.0469144832,-0.0135910519,-0.0309352393
0.3158066449,-0.1480099547,-0.0142097567,0.2574287674
0.3128464458,0.0473119535,-0.0090611813,-0.0397020442
0.3137926849,-0.1476788967,-0.0098552222,0.2501082731
0.310839107,0.0475823946,-0.0048530567,-0.0456668288
0.3117907549,-0.1474696315,-0.0057663933,0.2454809719
0.3088413622,0.0477342024,-0.0008567739,-0.0490152212
0.3097960463,-0.1473754529,-0.0018370783,0.2433972629
0.3068485372,0.0477726903,0.003030867,-0.0498645586
0.307803991,-0.1473925892,0.0020335758,0.2437730895
0.3048561392,0.0477002565,0.0069090376,-0.0482677031
0.3058101444,-0.1475200797,0.0059436835,0.2465870531
0.3028597428,0.0475164808,0.0108754246,-0.0442151875
0.3038100724,-0.147759717,0.0099911208,0.2518790989
0.3008548781,0.0472181508,0.0150287028,-0.0376357648
0.3017992411,0.2421214008,0.0142759875,-0.3255393523
0.3066416691,0.0467991274,0.0077652005,-0.0283887994
0.3075776516,-0.1484333162,0.0071974245,0.2667339829
0.3046089853,0.0465851773,0.0125321041,-0.023670156
0.3055406889,0.2415251854,0.012058701,-0.3123728643
0.3103711926,0.0462335373,0.0058112437,-0.0159115179
0.3112958633,0.2412716681,0.0054930134,-0.3067552783
0.3161212967,0.0460718759,-0.0006420922,-0.0123450694
0.3170427342,0.2412030297,-0.0008889936,-0.3052305149
0.3218667948,0.0460937584,-0.0069936039,-0.0128280877
0.3227886699,-0.1489272008,-0.0072501656,0.2776400944
0.3198101259,0.0462974287,-0.0016973637,-0.0173206834
0.3207360745,-0.1488001393,-0.0020437774,0.2748262223
0.3177600717,0.0463509124,0.003452747,-0.018500614
0.31868709,0.2414231775,0.0030827347,-0.3100921619
0.3235155535,0.0462574406,-0.0031191085,-0.016438625
0.3244407023,-0.1488196403,-0.003447881,0.2752585566
0.3214643095,0.0463513335,0.0020572901,-0.0185098391
0.3223913362,0.2414437206,0.0016870934,-0.3105429575
0.3272202106,0.0462977734,-0.0045237658,-0.0173284481
0.3281461661,-0.1487590106,-0.0048703347,0.2739237514
0.3251709859,0.046432092,0.0006081403,-0.0202913027
0.3260996277,0.2415453165,0.0002023142,-0.3127822921
0.330930534,0.0464204837,-0.0060533316,-0.0200355685
0.3318589437,-0.1486141354,-0.006454043,0.2707313316
0.328886661,0.0465993171,-0.0010394164,-0.0239802241
0.3298186473,-0.1485077125,-0.0015190208,0.2683745739
0.3268484931,0.046635884,0.0038484706,-0.024787075
0.3277812108,0.241702434,0.0033527291,-0.3162532856
0.3326152595,0.0465328877,-0.0029723366,-0.0225149111
0.3335459172,-0.1485463114,-0.0034226348,0.2692287294
0.330574991,0.0466243157,0.0019619398,-0.0245317492
0.3315074773,0.2417180761,0.0014713048,-0.3165950167
0.3363418388,0.046575199,-0.0048605955,-0.0234484545
0.3372733428,-0.1484767107,-0.0053295646,0.2676969445
0.3343038086,0.0467208945,2.43742758606899E-05,-0.0266621896
0.3352382265,0.2418424962,-0.0005088695,-0.319337426
0.3400750764,0.046727796,-0.006895618,-0.0268150212
0.3410096323,-0.1482945914,-0.0074319185,0.2636843094
0.3380437405,0.0469326473,-0.0021582323,-0.0313334254
0.3389823934,-0.1481582873,-0.0027849008,0.2606677753
0.3360192277,0.0470033079,0.0024284547,-0.0328922421
0.3369592938,0.24209035,0.0017706099,-0.3248079774
0.3418011008,0.0469432327,-0.0047255497,-0.0315672013
0.3427399655,-0.1481106341,-0.0053568937,0.2596210257
0.3397777528,0.0470873792,-0.0001644732,-0.0347467124
0.3407195004,-0.148032213,-0.0008594074,0.2578843169
0.3377588561,0.047101997,0.0042982789,-0.0350695558
0.3387008961,0.2421620469,0.0035968878,-0.3263932377
0.343544137,0.0469890701,-0.002930977,-0.0325781835
0.3444839184,-0.1480907273,-0.0035825406,0.2591785497
0.3415221039,0.0470821843,0.0016010304,-0.0346322037
0.3424637476,0.2421811397,0.0009083863,-0.326809559
0.3473073704,0.0470462673,-0.0056278049,-0.0338403057
0.3482482957,-0.1479945289,-0.006304611,0.2570616898
0.3452884051,0.0472168631,-0.0011633772,-0.0376031221
0.3462327424,-0.1478883859,-0.0019154396,0.2547125205
0.3432749747,0.0472608618,0.0031788108,-0.038573953
0.3442201919,0.2423370849,0.0024073317,-0.3302522405
0.3490669336,0.0471809481,-0.0041977131,-0.0368111286
0.3500105526,-0.1478805566,-0.0049339357,0.2545444264
0.3470529414,0.0473114938,0.0001569528,-0.0396906565
0.3479991713,0.242431194,-0.0006368603,-0.3323240591
0.3528477952,0.0473183134,-0.0072833415,-0.0398420345
0.3537941614,-0.147698442,-0.0080801822,0.2505340565
0.3508401926,0.0475379583,-0.003069501,-0.0446865316
0.3517909518,-0.1475398436,-0.0039632317,0.2470263608
0.3488401549,0.0476384853,0.0009772956,-0.0469040204
0.3497929246,-0.147497466,3.92151522968653E-05,0.2460870917
0.3468429753,0.0476239251,0.004960957,-0.0465834655
0.3477954538,0.2426743894,0.0040292877,-0.3376970462
0.3526489416,0.0474953331,-0.0027246532,-0.0437462309
0.3535988482,-0.1475874419,-0.0035995779,0.2480757983
0.3506470994,-0.3426578016,0.0013619381,0.5396211685
0.3437939434,-0.1475550221,0.0121543615,0.2473676804
0.3408428429,0.0473912534,0.0171017151,-0.0414568394
0.341790668,0.2422638476,0.0162725783,-0.328695327
0.346635945,0.0469140648,0.0096986717,-0.0309255211
0.3475742262,0.2418955986,0.0090801613,-0.3205327016
0.3524121382,0.0466455198,0.0026695073,-0.0250001262
0.3533450486,0.2417290865,0.0021695048,-0.3168395993
0.3581796303,0.0465763012,-0.0041672872,-0.0234732764
0.3591111564,0.2417577664,-0.0046367527,-0.317468111
-0.0240957603,0.0456461492,0.0178078929,-0.0307494807
-0.0231828373,-0.1497265899,0.0171929033,0.2674984054
-0.0261773691,-0.3450896387,0.0225428714,0.5655541328
-0.0330791618,-0.150291084,0.033853954,0.2800575851
-0.0360849835,-0.3458791938,0.0394551057,0.583222806
-0.0430025674,-0.1513315581,0.0511195618,0.3032252548
-0.0460291986,-0.3471433698,0.0571840669,0.6115818893
-0.052972066,-0.1528653137,0.0694157047,0.3374440993
-0.0560293722,0.0412037007,0.0761645867,0.0674334747
-0.0552052982,-0.1549229168,0.0775132562,0.3831412538
-0.0583037566,0.0390178265,0.0851760813,0.1158697265
-0.0575234,0.232822609,0.0874934758,-0.1487720503
-0.0528669478,0.0365638043,0.0845180348,0.1701803643
-0.0521356718,0.2303807292,0.0879216421,-0.0946885423
-0.0475280572,0.0341158358,0.0860278712,0.2243873258
-0.0468457405,0.2279096354,0.0905156178,-0.0399673571
-0.0422875478,0.4216248657,0.0897162706,-0.3027754041
-0.0338550504,0.2253464469,0.0836607625,0.016799347
-0.0293481215,0.4191751597,0.0839967495,-0.24835926
-0.0209646183,0.6130033524,0.0790295643,-0.513410477
-0.0087045513,0.4168624671,0.0687613547,-0.1969069313
-0.0003673019,0.610936948,0.0648232161,-0.467130806
0.011851437,0.4149619011,0.0554806,-0.1547409609
0.0201506751,0.6092473931,0.0523857808,-0.429417862
0.0323356229,0.4134242322,0.0437974235,-0.1206916961
0.0406041076,0.6078922119,0.0413835896,-0.3992416106
0.0527619518,0.412208378,0.0333987574,-0.0938038674
0.0610061194,0.6068361053,0.03152268,-0.3757652371
0.0731428415,0.8014964676,0.0240073753,-0.6583445869
0.0891727708,0.6060487391,0.0108404836,-0.358199985
0.1012937456,0.4107743677,0.0036764839,-0.0621185989
0.109509233,0.6058434141,0.0024341119,-0.3536393072
0.1216261012,0.4106869359,-0.0046386743,-0.0601898289
0.12983984,0.6058750878,-0.0058424708,-0.3543326722
0.1419573417,0.4108366958,-0.0129291243,-0.063497754
0.1501740756,0.6061416093,-0.0141990794,-0.3602316955
0.1622969078,0.411224344,-0.0214037133,-0.0720596597
0.1705213947,0.6066465039,-0.0228449065,-0.3714179684
0.1826543248,0.4118564309,-0.0302732658,-0.0860249181
0.1908914534,0.6073989525,-0.0319937642,-0.3881032847
0.2030394325,0.412745399,-0.0397558299,-0.1056769395
0.2112943404,0.6084138566,-0.0418693687,-0.4106328474
0.2234626176,0.4139097209,-0.0500820256,-0.1314383354
0.231740812,0.6097119724,-0.0527107923,-0.439491416
0.2439350514,0.4153741156,-0.0615006206,-0.1638792999
0.2522425337,0.221184016,-0.0647782066,0.1087853688
0.2566662141,0.4171715455,-0.0626024993,-0.2036108127
0.265009645,0.2229981402,-0.0666747155,0.0686856315
0.2694696078,0.4190095018,-0.0653010029,-0.2442659699
0.2778497978,0.2248780901,-0.0701863223,0.0271256506
0.2823473596,0.0308291904,-0.0696438093,0.2968645219
0.2829639434,0.2268712639,-0.0637065188,-0.0169444674
0.2875013687,0.0327180482,-0.0640454082,0.2549775248
0.2881557297,0.228693197,-0.0589458577,-0.0571989944
0.2927295936,0.0344637945,-0.0600898376,0.2163190537
0.2934188695,0.2303910049,-0.0557634565,-0.0946971152
0.2980266896,0.0361107973,-0.0576573988,0.1798842576
0.2987489055,0.2320083908,-0.0540597137,-0.1304157247
0.3033890734,0.0377008386,-0.0566680282,0.1447340007
0.3041430901,0.2335866178,-0.0537733481,-0.1652744983
0.3088148225,0.0392740098,-0.0570788381,0.109971367
0.3096003027,-0.1549855381,-0.0548794108,0.3841140776
0.3065005919,0.0408708713,-0.0471971292,0.0746453063
0.3073180093,-0.1535438005,-0.0457042231,0.3520717653
0.3042471333,0.0421972814,-0.0386627878,0.0453343841
0.305091079,-0.1523495505,-0.0377561001,0.3255725232
0.302044088,0.0432890638,-0.0312446496,0.0212260861
0.3029098692,-0.1513711984,-0.0308201279,0.3038895339
0.2998824453,0.0441761154,-0.0247423372,0.0016481788
0.3007659676,-0.1505824171,-0.0247093737,0.2864230563
0.2977543192,0.0448830504,-0.0189809125,-0.0139494597
0.2986519802,-0.1499616199,-0.0192599017,0.2726848459
0.2956527478,0.0454297784,-0.0138062048,-0.0260099548
0.2965613434,-0.1494914875,-0.0143264039,0.2622851835
0.2935715137,0.0458320026,-0.0090807002,-0.0348818037
0.2944881537,-0.1491585596,-0.0097783363,0.2549222914
0.2915049825,0.0461016323,-0.0046798905,-0.0408287793
0.2924270152,-0.1489528984,-0.0054964661,0.2503739301
0.2894479572,0.0462471109,-0.0004889875,-0.0440376139
0.2903728994,-0.148867825,-0.0013697397,0.2484909927
0.2873955429,0.046273661,0.0036000801,-0.044623665
0.2883210161,-0.1488997282,0.0027076068,0.2491929428
0.2853430216,0.0461834516,0.0076914657,-0.0426347188
0.2862666906,-0.1490479434,0.0068387713,0.2524649802
0.2832857317,0.0459756907,0.0118880709,-0.0380530473
0.2842052455,-0.1493147006,0.0111270099,0.2583568507
0.2812189515,0.0456466447,0.016294147,-0.0307957902
0.2821318844,-0.1497051373,0.0156782312,0.2669832515
0.2791377817,0.0451895871,0.0210178962,-0.0207136949
0.2800415734,0.2400039124,0.0206036223,-0.3066918339
0.2848416517,0.0445945182,0.0144697856,-0.0075829188
0.285733542,0.2395059954,0.0143181272,-0.2956655595
0.2905236619,0.0441828802,0.008404816,0.0014984671
0.2914073195,0.2391832919,0.0084347854,-0.2885208323
0.2961909854,0.0439420806,0.0026643687,0.0068103642
0.297069827,0.2390257198,0.002800576,-0.2850307325
0.3018503414,0.0438639385,-0.0029000386,0.0085341598
0.3027276202,0.2390273599,-0.0027293554,-0.2850623515
0.3075081674,0.0439444414,-0.0084306025,0.0067585068
0.3083870562,-0.1510555946,-0.0082954323,0.2967695984
0.3053659443,0.044183624,-0.0023600404,0.0014820178
0.3062496168,0.2393393419,-0.0023304,-0.2919445952
0.3110364036,0.0442506957,-0.0081692919,2.44261150500469E-06
0.3119214175,-0.1507531489,-0.0081692431,0.2900967039
0.3089063546,0.0444843319,-0.002367309,-0.005151476
0.3097960412,-0.1506035888,-0.0024703385,0.2867835969
0.3067839694,0.0445535052,0.0032653334,-0.0066774296
0.3076750395,0.239628475,0.0031317849,-0.2983283181
0.312467609,0.0444620217,-0.0028347815,-0.0046593305
0.3133568495,-0.1506191602,-0.0029279681,0.2871278419
0.3103444662,0.0445444242,0.0028145887,-0.0064771012
0.3112353547,0.2396258974,0.0026850467,-0.2982706639
0.3160278727,0.0444657748,-0.0032803666,-0.0047421326
0.3169171882,0.2396346172,-0.0033752092,-0.2984582471
0.3217098805,0.0445609404,-0.0093443742,-0.0068417082
0.3226010993,-0.1504257613,-0.0094812083,0.2828783692
0.3195925841,0.0448301317,-0.003823641,-0.0127797398
0.3204891867,-0.1502367754,-0.0040792358,0.2786943342
0.3174844512,0.0449431307,0.0014946509,-0.015272381
0.3183833138,0.2400436149,0.0011892033,-0.3074833532
0.3231841861,0.0449047386,-0.0049604638,-0.0144256202
0.3240822809,-0.1501457233,-0.0052489762,0.2766881027
0.3210793664,0.045050719,0.0002847859,-0.0176457191
0.3219803808,0.2401685849,-6.81284875221993E-05,-0.310238779
0.3267837525,0.0450476044,-0.0062729041,-0.0175773387
0.3276847046,-0.1499838269,-0.0066244508,0.2731198308
0.3246850281,0.045232017,-0.0011620542,-0.0216450843
0.3255896684,-0.14987325,-0.0015949559,0.2706709747
0.3225922034,0.0452714249,0.0038184636,-0.0225145822
0.3234976319,0.2403384081,0.0033681719,-0.3139902982
0.3283044001,0.0451686387,-0.002911634,-0.020247064
0.3292077729,-0.1499114358,-0.0033165753,0.2715157882
0.3262095441,0.045257684,0.0021137405,-0.0222113527
0.3271146978,0.2403492584,0.0016695134,-0.3142266214
0.331921683,0.0452035646,-0.004615019,-0.0210176519
0.3328257543,-0.1498518995,-0.0050353721,0.2702056176
0.3298287163,0.0453415443,0.0003687403,-0.0240612294
0.3307355472,0.2404582055,-0.0001124843,-0.3166277917
0.3355447113,0.0453378567,-0.0064450401,-0.0239803406
0.3364514684,-0.1496910766,-0.0069246469,0.2666621548
0.3334576469,0.0455290156,-0.0015914039,-0.0281967929
0.3343682272,-0.1495700776,-0.0021553397,0.2639836039
0.3313768256,0.0455825713,0.0031243324,-0.029378359
0.3322884771,0.2406595787,0.0025367652,-0.3210738896
0.3371016686,0.0455015937,-0.0038847126,-0.0275920459
0.3380117005,-0.1495644331,-0.0044365535,0.2638626839
0.3350204119,0.0456205615,0.0008407002,-0.0302162691
0.3359328231,0.2407304465,0.0002363748,-0.3226338274
0.340747432,0.0456051301,-0.0062163018,-0.0298763668
0.3416595346,-0.1494271265,-0.0068138291,0.2608387848
0.3386709921,0.0457914265,-0.0015970534,-0.0339854972
0.3395868206,-0.1493075861,-0.0022767634,0.2581931149
0.3366006689,0.0458467951,0.0028870989,-0.0352070659
0.3375176048,0.2409272258,0.0021829576,-0.3269776866
0.3423361493,0.0457742636,-0.0043565961,-0.0336071517
0.3432516346,-0.1492849423,-0.0050287391,0.2576980453
0.3402659357,0.0459084402,0.0001252218,-0.0365667694
0.3411841045,-0.1492153065,-0.0006061136,0.2561556635
0.3381997984,0.0459152932,0.0045169996,-0.0367183797
0.3391181043,0.2409721797,0.0037826321,-0.3279727312
0.3439375479,0.0457965818,-0.0027768226,-0.0340993376
0.3448534795,-0.149285439,-0.0034588093,0.2577061806
0.3418677707,0.0458857212,0.0016953143,-0.0360656965
0.3427854851,0.2409833203,0.0009740004,-0.3282132524
0.3476051516,0.0458475164,-0.0055902647,-0.0352233294
0.3485221019,-0.1491938247,-0.0062947313,0.2556905816
0.3455382254,0.0460174324,-0.0011809196,-0.0389711415
0.346458574,-0.1490875646,-0.0019603425,0.2533389595
0.3434768227,0.0460623231,0.0031064367,-0.0399616499
0.3443980692,0.2411395909,0.0023072037,-0.3316628487
0.349220861,0.0459848747,-0.0043260533,-0.0382532363
0.3501405585,-0.1490747744,-0.005091118,0.2530616438
0.347159063,0.0461195013,-2.98851057852611E-05,-0.0412227575
0.3480814531,-0.1490020213,-0.0008543403,0.2514507401
0.3451014126,0.0461321193,0.0041746745,-0.04150154
0.346024055,0.2411939585,0.0033446437,-0.3328643984
0.3508479342,0.0460245619,-0.0033126442,-0.0391286175
0.3517684254,-0.1490497299,-0.0040952166,0.2525072989
0.3487874308,0.0461304579,0.0009549294,-0.0414645179
0.34971004,0.2412387026,0.000125639,-0.3338460024
0.354534814,0.0461149634,-0.006551281,-0.041123458
0.3554571133,-0.1489124339,-0.0073737502,0.2494852973
0.3524788646,0.0463140394,-0.0023840442,-0.0455143145
0.3534051454,-0.1487736449,-0.0032943305,0.2464154721
0.3504296725,0.0463952013,0.0016339789,-0.0473047401
0.3513575765,-0.1487501418,0.0006878841,0.2458932734
0.3483825737,0.046361978,0.0056057496,-0.0465725991
0.3493098133,0.2414030996,0.0046742976,-0.337481603
0.3541378753,0.0462149445,-0.0020753344,-0.0433283304
0.3550621741,-0.1488771858,-0.002941901,0.2486990869
0.3520846304,0.0462866553,0.0020320807,-0.0449103255
0.3530103635,0.2413794086,0.0011338742,-0.3369514199
0.3578379517,0.0462413399,-0.0056051542,-0.0439111462
0.3587627785,-0.148799789,-0.0064833771,0.2469980448
0.3557867827,0.0464141544,-0.0015434162,-0.0477228157
0.3567150658,-0.1486856314,-0.0024978726,0.2444727503
0.3537413532,0.0464719081,0.0023915824,-0.0489970194
0.3546707913,0.2415594846,0.0014116421,-0.3409244228
0.359501981,0.0464174769,-0.0054068464,-0.0477966803
0.3604303306,-0.1486265286,-0.00636278,0.2431754464
-0.0155158146,7.95119377952971E-05,0.0459458789,-0.012192439
-0.0155142244,-0.1956702216,0.0457020301,0.2946256278
-0.0194276288,-0.391412931,0.0515945427,0.601364833
-0.0272558874,-0.1970492377,0.0636218393,0.3253693202
-0.0311968722,-0.3930166298,0.0701292258,0.6374178951
-0.0390572048,-0.1989390907,0.0828775837,0.3676182601
-0.0430359866,-0.0050865804,0.0902299489,0.1021756838
-0.0431377182,-0.2013780144,0.0922734625,0.4219067002
-0.0471652785,-0.007676234,0.1007115965,0.1596800091
-0.0473188031,0.1858704561,0.1039051967,-0.0996097561
-0.043601394,-0.0105753123,0.1019130016,0.2239628529
-0.0438129003,0.1829535674,0.1063922587,-0.034913657
-0.0401538289,0.376401694,0.1056939855,-0.2922247733
-0.032625795,0.1799439781,0.09984949,0.0318335366
-0.0290269155,0.3735028052,0.1004861608,-0.2277515862
-0.0215568594,0.567055872,0.0959311291,-0.4871233842
-0.0102157419,0.3707205295,0.0861886614,-0.165813942
-0.0028013313,0.5645097574,0.0828723825,-0.430110676
0.0084888638,0.3683180347,0.074270169,-0.112496471
0.0158552245,0.5623015212,0.0720202396,-0.3808541904
0.0271012549,0.7563308349,0.0644031558,-0.6499880263
0.0422278716,0.5603737172,0.0514033953,-0.3377402863
0.053435346,0.7547279411,0.0446485895,-0.6137806053
0.0685299048,0.5590114484,0.0323729774,-0.3073761133
0.0797101338,0.7536575106,0.0262254552,-0.5896762337
0.094783284,0.5581783512,0.0144319305,-0.2888489231
0.105946851,0.7530915606,0.008654952,-0.5769454499
0.1210086822,0.5578493717,-0.002883957,-0.2815486112
0.1321656696,0.753012341,-0.0085149292,-0.57513973
0.1472259165,0.5580107871,-0.0200177238,-0.2851513617
0.1583861322,0.3631799665,-0.025720751,0.0011515005
0.1656497315,0.5586611677,-0.025697721,-0.2995343823
0.1768229549,0.3639147561,-0.0316884087,-0.015065512
0.18410125,0.5594764902,-0.0319897189,-0.3175756778
0.1952907798,0.3648244287,-0.0383412325,-0.0351503429
0.2025872684,0.5604746297,-0.0390442393,-0.3396795197
0.213796761,0.3659293566,-0.0458378297,-0.0595601033
0.2211153481,0.5616775372,-0.0470290318,-0.3663455656
0.2323488989,0.3672543427,-0.0543559431,-0.0888546621
0.2396939857,0.1729519467,-0.0561330363,0.186195699
0.2431530246,0.3688302269,-0.0524091224,-0.123653393
0.2505296292,0.1744967634,-0.0548821902,0.1520453304
0.2540195644,0.370359865,-0.0518412836,-0.1574342353
0.2614267617,0.1760169921,-0.0549899683,0.1184539253
0.2649471016,0.3718819452,-0.0526208898,-0.1910583137
0.2723847405,0.1775507256,-0.0564420561,0.0845716346
0.275935755,0.3734344147,-0.0547506234,-0.2253711578
0.2834044433,0.1791359622,-0.0592580465,0.0495511613
0.2869871625,0.3750553499,-0.0582670233,-0.261223762
0.2944882695,0.1808114652,-0.0634914986,0.0125267914
0.2981044988,-0.0133451876,-0.0632409627,0.284520997
0.2978375951,0.1826190534,-0.0575505428,-0.027418205
0.3014899762,-0.0116323781,-0.0580989069,0.2465660242
0.3012573286,0.184269148,-0.0531675864,-0.0638619286
0.3049427116,-0.0100517946,-0.054444825,0.2115836967
0.3047416757,0.1858046178,-0.050213151,-0.0977644773
0.308457768,-0.0085630525,-0.0521684406,0.1786630886
0.308286507,0.1872651285,-0.0485951788,-0.1300101225
0.3120318095,-0.0071282312,-0.0511953813,0.1469543311
0.3118892449,-0.2014810861,-0.0482562946,0.4230567844
0.3078596232,-0.0057098974,-0.039795159,0.1155600049
0.3077454252,-0.2002397188,-0.0374839589,0.3954270275
0.3037406309,-0.0046065163,-0.0295754183,0.0911656516
0.3036485005,-0.199292343,-0.0277521053,0.374372776
0.2996626537,-0.0037873993,-0.0202646498,0.0730702119
0.2995869057,-0.1986130576,-0.0188032455,0.3592912974
0.2956146446,-0.0032289259,-0.0116174196,0.0607390802
0.295550066,-0.1981823979,-0.010402638,0.3497341102
0.2915864181,-0.0029140559,-0.0034079558,0.0537891247
0.291528137,-0.1979869762,-0.0023321733,0.345394869
0.2875683974,-0.0028319275,0.0045757241,0.0519774336
0.2875117589,0.1922241153,0.0056152728,-0.2392583094
0.2913562412,-0.0029776015,0.0008301066,0.0551905311
0.2912966892,0.1921324374,0.0019339172,-0.2372303751
0.2951393379,-0.0030170893,-0.0028106903,0.0560619389
0.2950789961,0.1921450497,-0.0016894515,-0.2375064551
0.2989218971,-0.0029527246,-0.0064395806,0.0546430902
0.2988628426,-0.1979817524,-0.0053467188,0.3452873426
0.2949032076,-0.0027841531,0.001559028,0.0509232009
0.2948475245,0.1923154087,0.0025774921,-0.241267432
0.2986938327,-0.0028432661,-0.0022478566,0.0522273897
0.2986369674,0.1923108444,-0.0012033088,-0.2411639058
0.3024831843,-0.0027938972,-0.0060265869,0.051139222
0.3024273063,-0.1978289175,-0.0050038025,0.341914634
0.298470728,-0.002636134,0.0018344902,0.0476580122
0.2984180053,0.1924594641,0.0027876505,-0.2444455525
0.3022671946,-0.0027021925,-0.0021012606,0.049115363
0.3022131507,0.1924498258,-0.0011189533,-0.2442297884
0.3060621472,-0.0026561252,-0.0060035491,0.0480999828
0.3060090247,-0.197691478,-0.0050415494,0.338882707
0.3020551952,-0.0024981527,0.0017361047,0.0446142307
0.3020052321,0.1925988606,0.0026283893,-0.2475204338
0.3058572093,-0.0025605296,-0.0023220194,0.045990386
0.3058059987,0.1925946409,-0.0014022116,-0.2474242536
0.3096578915,-0.0025072563,-0.0063506967,0.0448160543
0.3096077464,-0.1975375686,-0.0054543756,0.3354885311
0.305656995,-0.002338419,0.001255395,0.0410905837
0.3056102267,0.1927655076,0.0020772067,-0.2511959896
0.3094655368,-0.0023860443,-0.0029467131,0.0421414049
0.3094178159,0.1927780378,-0.002103885,-0.2514697796
0.3132733767,-0.0023138073,-0.0071332806,0.0405487987
0.3132271005,-0.1973327457,-0.0063223046,0.3309725971
0.3092804456,-0.0021213724,0.0002971473,0.0363026442
0.3092380182,-0.1972475835,0.0010232002,0.3290793092
0.3052930665,-0.0021402133,0.0076047864,0.0367192279
0.3052502622,0.1928718631,0.0083391709,-0.2535546426
0.3091076995,-0.002368162,0.0032680781,0.0417468999
0.3090603363,0.1927067737,0.0041030161,-0.2499031277
0.3129144717,-0.0024735297,-0.0008950465,0.0440711464
0.3128650011,0.1926612446,-1.36235595606978E-05,-0.2488940415
0.316718226,-0.002460512,-0.0049915044,0.0437845881
0.3166690158,0.1927326583,-0.0041158126,-0.2504690161
0.320523669,-0.0023302769,-0.009125193,0.040912863
0.3204770634,-0.1973201937,-0.0083069357,0.3307027912
0.3165306596,-0.0020809864,-0.0016928799,0.0354118736
0.3164890398,0.1930652001,-0.0009846424,-0.2578046932
0.3203503438,-0.0020426799,-0.0061407363,0.0345675001
0.3203094902,-0.1970760352,-0.0054493863,0.3253066522
0.3163679695,-0.0018769201,0.0010567468,0.0309102153
0.3163304311,0.1932298609,0.0016749511,-0.2614391092
0.3201950283,-0.0019159598,-0.0035538311,0.0317716466
0.3201567091,-0.1969867675,-0.0029183982,0.3233311863
0.3162169738,-0.0018233817,0.0035482256,0.0297293464
0.3161805062,0.1932475065,0.0041428125,-0.2618319679
0.3200454563,-0.0019333358,-0.0010938269,0.0321547666
0.3200067896,0.1932042843,-0.0004507315,-0.2608730735
0.3238708753,-0.0019112298,-0.005668193,0.0316676528
0.3238326507,-0.1969514396,-0.0050348399,0.322556828
0.3198936219,-0.0017581558,0.0014162966,0.0282903766
0.3198584588,0.1933434562,0.0019821041,-0.2639453568
0.3237253279,-0.0018067304,-0.003296803,0.0293620864
0.3236891933,0.1933623434,-0.0027095613,-0.2643591918
0.3275564401,-0.0017208288,-0.0079967451,0.0274678824
0.3275220236,-0.1967271934,-0.0074473875,0.3176170585
0.3235874797,-0.0014999649,-0.0010950463,0.0225948251
0.3235574804,-0.196606195,-0.0006431498,0.3149320513
0.3196253565,-0.0014750882,0.0056554912,0.0220463656
0.3195958547,0.1935653029,0.0060964186,-0.2688468369
0.3234671608,-0.0016431169,0.0007194818,0.0257526875
0.3234342985,0.193468509,0.0012345356,-0.2667031479
0.3273036686,-0.0016710399,-0.0040995274,0.0263689056
0.3272702478,-0.1967339614,-0.0035721493,0.3177555716
0.3233355686,-0.0015613149,0.0027829622,0.02394826
0.3233043423,0.1935206158,0.0032619274,-0.267855313
0.3271747546,-0.0016477356,-0.0020951789,0.0258546616
0.3271417999,0.1935041994,-0.0015780857,-0.2674885806
0.3310118839,-0.0015951944,-0.0069278573,0.0246961887
0.33097998,-0.1966171125,-0.0064339335,0.315185272
0.3270476378,-0.0014041066,-0.0001302281,0.0204802605
0.3270195556,0.193719712,0.0002793771,-0.272243752
0.3308939499,-0.0014062246,-0.0051654979,0.0205272784
0.3308658254,-0.1964537177,-0.0047549523,0.3115759651
0.326936751,-0.0012643478,0.001476567,0.0173972694
0.3269114641,0.1938363967,0.0018245124,-0.2748194177
0.330788192,-0.0013115387,-0.003671876,0.0184384044
0.3307619612,-0.1963806391,-0.0033031079,0.3099605534
0.3268343484,-0.0012117822,0.0028961032,0.0162377532
0.3268101128,0.1938685159,0.0032208582,-0.2755300137
0.3306874831,-0.0012992401,-0.0022897421,0.0181670325
0.3306614983,-0.1963882791,-0.0019264014,0.3101266403
0.3267337327,-0.0012389343,0.0042761314,0.0168368045
0.326708954,0.1938214319,0.0046128675,-0.2744938909
0.3305853827,-0.0013660307,-0.0008770103,0.0196403662
0.3305580621,0.1937684868,-0.000484203,-0.2733191385
0.3344334318,-0.0013465522,-0.0059505858,0.01921103
0.3344065008,-0.1963826621,-0.0055663652,0.3100105535
0.3304788475,-0.0011818472,0.0006338459,0.0155773643
0.3304552106,0.1939310082,0.0009453932,-0.2769055093
0.3343338307,-0.0012044179,-0.004592717,0.0160754445
0.3343097424,-0.1962602038,-0.0042712081,0.3073057837
0.3303845383,-0.001077652,0.0018749076,0.0132788952
0.3303629853,0.1940173605,0.0021404855,-0.2788118867
0.3342433325,-0.0011350606,-0.0034357523,0.0145453766
0.3342206313,-0.1962075707,-0.0031448447,0.3061423055
0.3302964799,-0.0010409469,0.0029780014,0.0124692346
0.3302756609,0.1940381695,0.0032273861,-0.2792726114
0.3341564243,-0.0011296725,-0.0023580662,0.0144264769
0.3341338309,-0.1962177268,-0.0020695366,0.306364474
0.3302094763,-0.0010663462,0.0040577529,0.0130295865
0.3301881494,0.1939971772,0.0043183446,-0.2783703137
0.3340680929,-0.0011861118,-0.0012490617,0.0156714794
0.3340443707,0.1939537302,-0.0009356321,-0.2774052793
0.3379234453,-0.0011548604,-0.0064837377,0.0149824028
0.3379003481,-0.1961832295,-0.0061840896,0.3056126018
0.3339766835,-0.0009737014,-7.18375950249919E-05,0.0109857979
0.3339572095,-0.1960946223,0.0001478784,0.3036460582
0.330035317,-0.0009747789,0.0062207995,0.0110097725
0.3300158215,0.1940574078,0.006440995,-0.2797039437
0.3338969696,-0.00115583,0.0008469161,0.0150034784
0.333873853,0.1939539652,0.0011469857,-0.277412116
0.3377529323,-0.0011843306,-0.0044012566,0.0156323488
0.3377292457,-0.1962428867,-0.0040886097,0.3069233839
0.333804388,-0.001062914,0.002049858,0.012953824
0.3337831297,0.1940295797,0.0023089345,-0.2790816439
0.3376637213,-0.0011252334,-0.0032726984,0.0143286214
0.3376412166,-0.1962000974,-0.002986126,0.3059771789
0.3337172147,-0.0010357211,0.0031334176,0.0123539999
0.3336965002,0.1940411529,0.0033804976,-0.2793386514
0.3375773233,-0.0011288587,-0.0022062754,0.0144085576
0.3375547461,0.1940246637,-0.0019181043,-0.2789696579
0.0257272239,-0.0065632208,-7.30084750939081E-05,-0.0300142636
0.0255959594,-0.2016841249,-0.0006732937,0.2626456273
0.0215622769,-0.396796459,0.0045796188,0.5551161137
0.0136263478,-0.5919824114,0.0156819411,0.8492383753
0.0017866995,-0.3970777986,0.0326667086,0.5615277058
-0.0061548564,-0.2024291484,0.0438972627,0.2793128051
-0.0102034394,-0.3981489237,0.0494835188,0.5855113048
-0.0181664179,-0.2037537379,0.0611937449,0.3088176711
-0.0222414926,-0.3996917975,0.0673700983,0.6201543738
-0.0302353286,-0.2055722224,0.0797731858,0.3494273828
-0.034346773,-0.0116700927,0.0867617335,0.082927607
-0.0345801749,-0.2079216934,0.0884202856,0.401673685
-0.0387386087,-0.0141578755,0.0964537593,0.138125078
-0.0390217663,0.1794597503,0.0992162609,-0.1226379857
-0.0354325713,-0.0169333393,0.0967635011,0.1996246345
-0.035771238,0.1766810503,0.1007559938,-0.0610342808
-0.032237617,0.3702248574,0.0995353082,-0.3203054606
-0.0248331199,0.1738366769,0.093129199,0.0020338448
-0.0213563863,0.3675081771,0.0931698759,-0.2598741004
-0.0140062228,0.1711882183,0.0879723939,0.0606809579
-0.0105824584,0.3649458935,0.089186013,-0.2030011055
-0.0032835406,0.5586866789,0.0851259909,-0.4662713266
0.007890193,0.3624716071,0.0758005644,-0.1480176436
0.0151396251,0.5564308572,0.0728402115,-0.4158570603
0.0262682423,0.3603562264,0.0645230703,-0.1011289133
0.0334753668,0.5544969735,0.0625004921,-0.3727774324
0.0445653063,0.7486779465,0.0550449434,-0.6451169947
0.0595388652,0.5528338777,0.0421426035,-0.3356207846
0.0705955428,0.7473315272,0.0354301878,-0.6147219682
0.0855421733,0.551732898,0.0231357485,-0.31109386
0.0965768313,0.7465177239,0.0169138713,-0.5963916033
0.1115071858,0.5511632071,0.0049860392,-0.2984293012
0.1225304499,0.7462137308,-0.0009825468,-0.5895355605
0.1374547245,0.5511055514,-0.012773258,-0.2971623014
0.1484768355,0.3561679941,-0.0187165041,-0.0085350548
0.1556001954,0.5515532958,-0.0188872052,-0.3070640061
0.1666312613,0.3567054984,-0.0250284853,-0.020396947
0.1737653713,0.5521772769,-0.0254364242,-0.3208703897
0.1848089168,0.3574266271,-0.031853832,-0.0363164168
0.1919574494,0.5529905444,-0.0325801604,-0.3388769242
0.2030172603,0.3583469726,-0.0393576988,-0.0566433812
0.2101841997,0.5540104992,-0.0404905665,-0.3614795604
0.2212644097,0.3594867699,-0.0477201577,-0.081834097
0.2284541451,0.5552591519,-0.0493568396,-0.3891827741
0.2395593281,0.3608712323,-0.0571404951,-0.1124610034
0.2467767528,0.166612631,-0.0593897152,0.1616611666
0.2501090054,0.3625322987,-0.0561564918,-0.1491505242
0.2573596514,0.1682575848,-0.0591395023,0.1253008434
0.2607248031,0.3641747222,-0.0566334854,-0.1854379804
0.2680082975,0.1699068864,-0.0603422451,0.0888552386
0.2714064353,0.3658395313,-0.0585651403,-0.2222386765
0.2787232259,0.1716014419,-0.0630099138,0.0514106308
0.2821552547,-0.0225630759,-0.0619817012,0.3235667786
0.2817039932,0.1733841711,-0.0555103656,0.0119993551
0.2851716766,-0.0208995625,-0.0552703785,0.2866644041
0.2847536854,0.1749652689,-0.0495370904,-0.0229254286
0.2882529907,-0.019412562,-0.049995599,0.2537257008
0.2878647395,0.1763862856,-0.044921085,-0.0542981723
0.2913924652,-0.0180637355,-0.0460070484,0.2238802649
0.2910311905,0.1776845491,-0.0415294431,-0.0829527701
0.2945848815,-0.0168182409,-0.0431884985,0.1963437106
0.2942485167,0.1788940084,-0.0392616243,-0.1096443888
0.2978263968,-0.0156439817,-0.0414545121,0.1703977664
0.2975135172,0.1800460407,-0.0380465568,-0.1350692229
0.301114438,-0.0145108736,-0.0407479412,0.1453719629
0.3008242206,-0.2090263072,-0.037840502,0.4249263378
0.2966436944,-0.0133893378,-0.0293419752,0.1205585059
0.2963759077,-0.2080788784,-0.0269308051,0.4038418092
0.2922143301,-0.0125855433,-0.0188539689,0.1027914391
0.2919626192,0.1828014616,-0.0167981401,-0.1957797172
0.2956186485,-0.0120762299,-0.0207137345,0.0915571575
0.2953771239,-0.2068952548,-0.0188825913,0.377633603
0.2912392188,-0.0115102877,-0.0113299193,0.0790572476
0.291009013,0.183772234,-0.0097487743,-0.2171786592
0.2946844577,-0.0112090071,-0.0140923475,0.0724132102
0.2944602775,-0.2061261201,-0.0126440833,0.3606168351
0.2903377551,-0.0108267422,-0.0054317466,0.0639739238
0.2901212203,-0.2058703964,-0.0041522681,0.3549381635
0.2860038124,-0.0106896528,0.0029464951,0.0609488087
0.2857900193,0.1843899283,0.0041654713,-0.2308030245
0.2894778179,-0.0107912969,-0.0004505892,0.0631909184
0.2892619919,0.1843371118,0.0008132292,-0.2296341381
0.2929487342,-0.010796451,-0.0037794536,0.0633051987
0.2927328052,0.1843794838,-0.0025133496,-0.2305677693
0.2964203948,-0.0107064626,-0.007124705,0.0613213021
0.2962062656,-0.2057255404,-0.0058982789,0.3517478487
0.2920917548,-0.0105202101,0.001136678,0.0572108626
0.2918813506,0.1845854247,0.0022808953,-0.2351132173
0.2955730591,-0.0105690405,-0.0024213691,0.0582883017
0.2953616783,0.1845875448,-0.001255603,-0.2351576
0.2990534291,-0.0105164445,-0.005958755,0.0571290061
0.2988431003,-0.2055524527,-0.0048161749,0.347925961
0.2947320512,-0.0103623316,0.0021423443,0.0537282251
0.2945248046,0.1847288359,0.0032169088,-0.2382780058
0.2982193813,-0.0104389243,-0.0015486513,0.0554178891
0.2980106028,0.184705198,-0.0004402935,-0.2377532465
0.3017047068,-0.0104104603,-0.0051953584,0.0547907663
0.3014964976,-0.2054575338,-0.0040995431,0.3458299996
0.2973873469,-0.0102775082,0.0028170569,0.051857159
0.2971817967,0.1848039367,0.0038542,-0.2399356336
0.3008778755,-0.0103728603,-0.0009445126,0.0539605193
0.3006704182,0.1847626212,0.0001346978,-0.239020259
0.3043656707,-0.010361254,-0.0046457074,0.0537051523
0.3041584456,-0.205416285,-0.0035716044,0.3449187084
0.3000501199,-0.0102437089,0.0033267698,0.051111662
0.2998452457,0.1848303825,0.004349003,-0.2405197872
0.3035418534,-0.0103534235,-0.0004613927,0.0535317558
0.3033347849,0.1847751405,0.0006092424,-0.2392967084
0.3070302877,-0.0103555089,-0.0041766918,0.0535783285
0.3068231775,0.1848260807,-0.0031051252,-0.240419446
0.3105196991,-0.0102513762,-0.0079135141,0.0512824234
0.3103146716,-0.2052589676,-0.0068878656,0.3414581025
0.3062094923,-0.0100396986,-5.87035900589351E-05,0.0466111288
0.3060086983,0.1850830944,0.000873519,-0.246090319
0.3097103602,-0.0100513219,-0.0040482874,0.0468680083
0.3095093337,-0.2051149901,-0.0031109272,0.3382709198
0.3054070339,-0.0099489094,0.0036544912,0.0446086042
0.3052080557,0.185120448,0.0045466633,-0.2469190599
0.3089104647,-0.0100661425,-0.0003917179,0.0471945139
0.3087091419,0.1850614235,0.0005521723,-0.2456119777
0.3124103703,-0.0100684098,-0.0043600672,0.0472450664
0.3122090021,0.1851157894,-0.0034151659,-0.2468103053
0.3159113179,-0.0099572203,-0.008351372,0.0447934459
0.3157121735,-0.2049584274,-0.0074555031,0.3348297815
0.311613005,-0.0097311667,-0.0007589075,0.0398051316
0.3114183816,0.1854016589,3.71951826009595E-05,-0.2531171413
0.3151264148,-0.0097208234,-0.0050251476,0.0395775173
0.3149319983,-0.2047703551,-0.0042335973,0.3306707337
0.3108365912,-0.0095883962,0.0023798174,0.0366557452
0.3106448233,-0.2047443934,0.0031129323,0.3300885776
0.3065499354,-0.0096668933,0.0097147038,0.0383889459
0.3063565976,0.1853144112,0.0104824828,-0.2512131318
0.3100628858,-0.0099556479,0.0054582201,0.0447576578
0.3098637728,0.1850876115,0.0063533733,-0.2461981645
0.3135655251,-0.0101245016,0.00142941,0.0484819746
0.313363035,0.1849769239,0.0023990495,-0.2437496184
0.3170625735,-0.0101792118,-0.0024759429,0.0496890627
0.3168589893,0.1849781544,-0.0014821616,-0.2437740158
0.3205585524,-0.0101225951,-0.006357642,0.0484410315
0.3203561005,0.1850899397,-0.0053888213,-0.246240987
0.3240578993,-0.0099546338,-0.0103136411,0.0447373195
0.3238588066,-0.2049271854,-0.0094188947,0.3341484358
0.3197602629,-0.0096724549,-0.002735926,0.0385102174
0.3195668138,0.1854886224,-0.0019657216,-0.2550346642
0.3232765862,-0.0096052071,-0.0070664149,0.0370275929
0.3230844821,-0.2046251159,-0.006325863,0.3274726438
0.3189919798,-0.0094136784,0.0002235898,0.0328015549
0.3188037062,0.1857050658,0.0008796209,-0.2598108185
0.3225178075,-0.0094294315,-0.0043165954,0.0331494227
0.3223292189,-0.2044892159,-0.003653607,0.3244672982
0.3182394346,-0.009315433,0.002835739,0.0306344198
0.3180531259,0.1857657376,0.0034484274,-0.2611524534
0.3217684407,-0.0094052694,-0.0017746217,0.0326161521
0.3215803353,-0.2045017269,-0.0011222986,0.324738639
0.3174903007,-0.0093638137,0.0053724741,0.0317019979
0.3173030245,0.1856806832,0.0060065141,-0.2592810254
0.3210166381,-0.0095264989,0.0008208936,0.0352903702
0.3208261082,0.1855836709,0.001526701,-0.2571334432
0.3245377816,-0.0095600437,-0.0036159679,0.0360306374
0.3243465807,0.185613574,-0.0028953551,-0.2577909675
0.3280588522,-0.0094669218,-0.0080511745,0.0339773166
0.3278695137,-0.2044724966,-0.0073716281,0.3241091787
0.3237800638,-0.009246361,-0.0008894446,0.0291106927
0.3235951366,0.1858883341,-0.0003072307,-0.2638527308
0.3273129033,-0.0092292305,-0.0055842853,0.0287332764
0.3271283187,-0.204270656,-0.0050096198,0.3196490817
0.3230429055,-0.0090777185,0.0013833618,0.0253905274
0.3228613512,0.1860243669,0.0018911724,-0.2668556124
0.3265818385,-0.009124524,-0.0034459399,0.0264232048
0.326399348,-0.2041968887,-0.0029174758,0.3180169101
0.3223154103,-0.0090335062,0.0034428624,0.0244153457
0.3221347401,0.1860389025,0.0039311693,-0.2671793337
0.3258555182,-0.0091389323,-0.0014124173,0.0267409172
0.3256727395,-0.2042406,-0.000877599,0.3189778762
0.3215879275,-0.0091061608,0.0055019585,0.0260183161
0.3214058043,0.1859364575,0.0060223249,-0.2649236155
0.3251245335,-0.0092709302,0.0007238525,0.0296527089
0.3249391149,0.1858406331,0.0013169067,-0.2628017466
0.3286559275,-0.009300091,-0.0039391282,0.0302962561
0.3284699257,-0.204365332,-0.0033332031,0.3217337468
0.3243826191,-0.0091960734,0.0031014719,0.0280015253
0.3241986976,0.1858812635,0.0036615024,-0.2637012415
0.3279163229,-0.0092927587,-0.0016125225,0.0301343087
0.3277304677,0.1858522799,-0.0010098363,-0.26305695
0.3314475133,-0.0092552424,-0.0062709753,0.0293072924
0.3312624084,-0.2042867051,-0.0056848294,0.3200050796
0.3271766743,-0.0090842564,0.0007152721,0.025534807
0.3269949892,0.1860274299,0.0012259683,-0.2669223577
0.3307155378,-0.0091119968,-0.0041124789,0.026146997
0.3305332979,-0.2041747311,-0.0035895389,0.3175295588
0.3264498033,-0.0090018381,0.0027610522,0.0237167833
0.3262697665,0.1860804084,0.0032353879,-0.2680937229
0.3299913747,-0.0090875663,-0.0021264865,0.0256079094
0.3298096233,-0.2041789575,-0.0016143284,0.317619148
0.3257260442,-0.0090340506,0.0047380546,0.0244275567
0.3255453632,0.1860196334,0.0052266057,-0.2667567023
0.3292657558,-0.0091765206,-0.0001085283,0.0275701446
0.3290822254,0.1859469868,0.0004428746,-0.2651470221
0.3328011652,-0.0091812827,-0.0048600659,0.0276755586
0.3326175395,-0.2042332011,-0.0043065547,0.318821127
-0.0087414172,-0.0420142359,-0.0236991253,-0.030108623
-0.009581702,-0.2367884522,-0.0243012978,0.2550037687
-0.014317471,-0.4315551516,-0.0192012224,0.5399236786
-0.022948574,-0.6264020017,-0.0084027488,0.8264952648
-0.0354766141,-0.8214080433,0.0081271565,1.1165236216
-0.0519047749,-0.6263937004,0.0304576289,0.8264011256
-0.0644326489,-0.4317012071,0.0469856514,0.5434509911
-0.0730666731,-0.2372699588,0.0578546713,0.2659346861
-0.0778120723,-0.4331678662,0.063173365,0.5762896938
-0.0864754296,-0.6291158085,0.0746991589,0.8881859177
-0.0990577458,-0.4350828088,0.0924628772,0.6198891978
-0.1077594019,-0.2413655891,0.1048606612,0.3576999736
-0.1125867137,-0.0478785315,0.1120146606,0.0998361456
-0.1135442843,-0.2444127623,0.1140113835,0.4256534317
-0.1184325396,-0.0510747511,0.1225244522,0.1709759926
-0.1194540346,0.1420999049,0.125943972,-0.080681595
-0.1166120365,-0.054581361,0.1243303401,0.248933311
-0.1177036637,0.1385659861,0.1293090064,-0.0020923144
-0.114932344,0.3316191786,0.1292671601,-0.2513434782
-0.1082999604,0.1349110503,0.1242402905,0.0791556915
-0.1056017394,0.3280532283,0.1258234043,-0.1718917447
-0.0990406749,0.5211707601,0.1223855694,-0.4223835053
-0.0886172597,0.3245467634,0.1139378993,-0.093761962
-0.0821263244,0.5178669189,0.1120626601,-0.348436679
-0.071768986,0.7112314581,0.1050939265,-0.603786675
-0.0575443569,0.5148088447,0.093018193,-0.2799375646
-0.04724818,0.7084892958,0.0874194417,-0.5418943698
-0.0330783941,0.512254464,0.0765815543,-0.2229975565
-0.0228333048,0.7062030585,0.0721216032,-0.4905747963
-0.0087092436,0.5101417715,0.0623101073,-0.1760620236
0.0014935918,0.7043192066,0.0587888668,-0.4484556119
0.015579976,0.8985624437,0.0498197546,-0.7220431424
0.0335512248,0.7027880406,0.0353788917,-0.414104948
0.0476069856,0.8973911323,0.0270967927,-0.6954276967
0.0655548083,0.7019040469,0.0131882388,-0.3943392299
0.0795928892,0.8968364015,0.0053014542,-0.682835104
0.0975296173,0.7016412341,-0.0083552479,-0.3884878471
0.1115624419,0.8968807787,-0.0161250048,-0.6837933561
0.1295000575,0.7019863958,-0.0298008719,-0.3962303336
0.1435397854,0.5072996632,-0.0377254786,-0.1130900596
0.1536857787,0.7029413053,-0.0399872798,-0.4174323778
0.1677446048,0.508408171,-0.0483359274,-0.1376190642
0.1779127682,0.7041879151,-0.0510883086,-0.4451509175
0.1919965265,0.5098245849,-0.059991327,-0.1689997378
0.2021930182,0.3156103465,-0.0633713217,0.1041706775
0.2085052251,0.511580525,-0.0612879082,-0.2078132376
0.2187368356,0.3173860586,-0.0654441729,0.0649241904
0.2250845568,0.5133822937,-0.0641456891,-0.2476676623
0.2353522027,0.3192323013,-0.0690990424,0.0241124821
0.2417368487,0.515273662,-0.0686167927,-0.2895467684
0.252042322,0.3211938391,-0.0744077281,-0.0192696102
0.2584661987,0.1272134809,-0.0747931203,0.2490401265
0.2610104684,0.3233194376,-0.0698123178,-0.0662651098
0.2674768571,0.1292642394,-0.07113762,0.2036004885
0.2700621419,0.3253276183,-0.0670656102,-0.1106475755
0.2765686943,0.1312275881,-0.0692785617,0.1601454363
0.279193246,0.3272694505,-0.066075653,-0.1535635678
0.285738635,0.1331527688,-0.0691469243,0.1175639428
0.2884016904,0.3291938226,-0.0667956455,-0.1961079197
0.2949855669,0.1350877418,-0.0707178039,0.0747785967
0.2976873217,-0.0589528896,-0.069222232,0.3443383386
0.2965082639,0.1370820177,-0.0623354652,0.0306551172
0.2992499043,-0.0570931864,-0.0617223628,0.3030374648
0.2981080405,0.1388516298,-0.0556616135,-0.0084549314
0.3008850731,-0.0554297062,-0.0558307122,0.2661596796
0.299776479,0.1404427918,-0.0505075186,-0.0435969787
0.3025853348,-0.0539198838,-0.0513794581,0.2327323502
0.3015069372,0.1418971234,-0.0467248111,-0.0757044659
0.3043448796,-0.052524926,-0.0482389005,0.2018782217
0.3032943811,0.1432525429,-0.044201336,-0.1056231056
0.306159432,-0.051209021,-0.0463137981,0.1727933769
0.3051352516,-0.2456385689,-0.0428579306,0.4505135814
0.3002224802,-0.0499374946,-0.033847659,0.1446351522
0.2992237303,-0.2445587735,-0.0309549559,0.4264505468
0.2943325548,-0.0490123637,-0.022425945,0.1241721479
0.2933523075,-0.2438059721,-0.019942502,0.4096964138
0.2884761881,-0.048407043,-0.0117485738,0.1107935943
0.2875080472,-0.2433586898,-0.0095327019,0.3997468818
0.2826408734,-0.0481028183,-0.0015377642,0.1040738102
0.2816788171,0.1470411366,0.000543712,-0.1890938787
0.2846196398,-0.048088589,-0.0032381656,0.1037605179
0.283657868,0.1470796181,-0.0011629552,-0.1899422771
0.2865994604,-0.0480256763,-0.0049618008,0.1023735578
0.2856389469,0.1471670309,-0.0029143296,-0.1918706622
0.2885822875,-0.0479131082,-0.0067517429,0.0998914921
0.2876240253,-0.2429376477,-0.004753913,0.3904366363
0.2827652724,-0.0477485492,0.0030548197,0.0962586518
0.2818103014,0.1473294861,0.0049799927,-0.1954589202
0.2847568911,-0.0478633445,0.0010708143,0.0987908069
0.2837996242,0.1472432435,0.0030466305,-0.193554088
0.2867444891,-0.0479221567,-0.0008244513,0.1000883616
0.2857860459,0.1472116006,0.0011773159,-0.1928545635
0.288730278,-0.0479271725,-0.0026797753,0.1001995241
0.2877717345,0.1472330816,-0.0006757849,-0.193327659
0.2907163961,-0.047879196,-0.004542338,0.0991420099
0.2897588122,0.1473075599,-0.0025594978,-0.1949705463
0.2927049634,-0.047777686,-0.0064589088,0.0969038724
0.2917494097,-0.2428064734,-0.0045208313,0.3875420456
0.2868932802,-0.0476206421,0.0032300096,0.0934371705
0.2859408674,0.147454865,0.005098753,-0.1982249425
0.2888899647,-0.0477396418,0.0011342542,0.0960620387
0.2879351719,0.1473660345,0.0030554949,-0.1962628168
0.2908824925,-0.0477994886,-0.0008697614,0.0973824154
0.2899265028,0.1473349174,0.0010778869,-0.1955747927
0.2928732011,-0.0478024355,-0.0028336089,0.0974479652
0.2919171524,0.1473600127,-0.0008846496,-0.1961276117
0.2948643527,-0.0477492734,-0.0048072019,0.0962761159
0.2939093672,0.1474412456,-0.0028816796,-0.1979195914
0.2968581921,-0.04763937,-0.0068400714,0.0938529043
0.2959054047,-0.2426626187,-0.0049630133,0.3843699689
0.2910521523,-0.047470559,0.0027243861,0.0901263652
0.2901027412,0.1476122364,0.0045269134,-0.2016957734
0.2930549859,-0.0475741641,0.0004929979,0.0924117355
0.2921035026,0.1475407174,0.0023412326,-0.2001156099
0.2950543169,-0.0476146406,-0.0016610796,0.0933049467
0.2941020241,0.1475310793,0.0002050194,-0.1999015866
0.2970526457,-0.0475938036,-0.0037930124,0.0928460073
0.2961007696,0.1475823071,-0.0019360922,-0.2010311957
0.2990524158,-0.0475119006,-0.0059567161,0.0910403566
0.2981021778,-0.2425479676,-0.004135909,0.3818380027
0.2932512184,-0.0473675347,0.003500851,0.0878539035
0.2923038677,0.147704061,0.0052579291,-0.2037224489
0.295257949,-0.0474926874,0.0011834801,0.0906144506
0.2943080952,-0.242631582,0.0029957691,0.3836705306
0.2894554636,-0.0475522921,0.0106691798,0.0919336636
0.2885044177,0.1474151232,0.012507853,-0.1973641351
0.2914527202,-0.0478834794,0.0085605703,0.0992380667
0.2904950506,0.1471147434,0.0105453317,-0.190731773
0.2934373455,-0.048156469,0.0067306962,0.1052590295
0.2924742161,0.1468683834,0.0088358768,-0.185292813
0.2954115838,-0.0483788693,0.0051300205,0.1101643475
0.2944440064,0.1466691963,0.0073333075,-0.1808956818
0.2973773903,-0.0485569192,0.0037153938,0.1140915905
0.2964062519,0.1465115985,0.0059972257,-0.1774168431
0.2993364839,-0.0486956618,0.0024488888,0.1171519553
0.2983625706,0.1463911161,0.0047919279,-0.1747573615
0.301290393,-0.0487990866,0.0012967807,0.1194334024
0.3003144112,-0.2439395935,0.0036854487,0.41252517
0.2954356194,-0.0488700785,0.0119359521,0.1210064042
0.2944582178,0.1460788484,0.0143560802,-0.1678870694
0.2973797948,-0.0492456217,0.0109983388,0.1292899869
0.2963948823,0.1457170638,0.0135841386,-0.1599029075
0.2993092236,-0.049596704,0.0103860804,0.1370343278
0.2983172895,0.1453749577,0.013126767,-0.1523539384
0.3012247887,-0.0499324693,0.0100796882,0.1444411208
0.3002261393,0.1450436899,0.0129685106,-0.1450448829
0.3031270131,-0.0502615584,0.010067613,0.1517009901
0.3021217819,0.1447147984,0.0131016328,-0.1377888953
0.3050160779,-0.0505923324,0.0103458548,0.1589984272
0.3040042312,0.1443799829,0.0135258234,-0.130402767
0.3068918309,-0.0509330859,0.0109177681,0.1665165085
0.3058731692,0.1440308959,0.0142480982,-0.122702275
0.3087537871,0.3389458504,0.0117940527,-0.410856231
0.3155327041,0.1436587007,0.0035769281,-0.1144785084
0.3184058781,-0.05151432,0.0012873579,0.1793307645
0.3173755917,0.1435891853,0.0048739732,-0.1129457679
0.3202473754,-0.0516022648,0.0026150579,0.181270872
0.3192153301,0.1434821691,0.0062404753,-0.1105859521
0.3220849735,0.3385141438,0.0040287563,-0.4012935299
0.3288552564,0.1433352797,-0.0039971143,-0.1073431586
0.331721962,-0.0517291646,-0.0061439775,0.1840760219
0.3306873787,0.1434801558,-0.0024624571,-0.11053875
0.3335569818,-0.0516064231,-0.0046732321,0.1813662695
0.3325248533,0.1435820862,-0.0010459067,-0.1127872227
0.3353964951,-0.0515248625,-0.0033016511,0.1795655439
0.3343659978,0.1436441793,0.0002896597,-0.1141571069
0.3372388814,-0.0514819212,-0.0019934824,0.1786171915
0.336209243,0.1436685006,0.0015788614,-0.114693943
0.339082613,0.3387677934,-0.0007150174,-0.4068783323
0.3458579689,0.1436559884,-0.0088525841,-0.1144209147
0.3487310886,-0.0513380054,-0.0111410024,0.1754559893
0.3477043285,0.1439416028,-0.0076318826,-0.1207206312
0.3505831606,-0.0510701777,-0.0100462952,0.169544769
0.349561757,0.1441941187,-0.0066553998,-0.1262904561
0.3524456394,-0.0508318587,-0.0091812089,0.1642853579
0.3514290022,0.1444203111,-0.0058955018,-0.1312797903
0.3543174084,-0.0506166951,-0.0085210976,0.1595373673
0.3533050745,0.1446262064,-0.0053303502,-0.135821525
0.3561975987,-0.0504189917,-0.0080467807,0.1551750003
0.3551892188,0.1448172431,-0.0049432807,-0.1400355988
0.3580855637,-0.0502335612,-0.0077439927,0.1510837144
0.3570808925,0.1449984167,-0.0047223184,-0.1440321826
0.3599808608,-0.0500555879,-0.0076029621,0.1471572055
0.358979749,0.1451744103,-0.004659818,-0.1479145773
0.3618832373,-0.0498805028,-0.0076181095,0.1432946343
0.3608856272,0.1453497174,-0.0047522168,-0.1517819008
0.3637926215,-0.0497038656,-0.0077878548,0.1393980234
0.3627985442,0.1455287563,-0.0049998944,-0.1557316349
0.3657091194,-0.0495212518,-0.0081145271,0.1353697575
0.3647186943,0.1457159828,-0.0054071319,-0.1598620977
0.367633014,-0.0493281413,-0.0086043739,0.1311101226
0.3666464512,0.1459160012,-0.0059821714,-0.1642749047
0.3695647712,-0.0491198058,-0.0092676695,0.1265148231
0.3685823751,0.146133678,-0.0067373731,-0.1690774808
0.3715050486,-0.0488911926,-0.0101189227,0.1214724129
0.3705272248,0.1463742603,-0.0076894744,-0.1743856838
0.37345471,-0.0486368014,-0.0111771881,0.1158615776
0.3724819739,0.1466435024,-0.0088599565,-0.1803266058
0.375414844,-0.0483505519,-0.0124664887,0.1095482024
0.374447833,0.1469478018,-0.0102755246,-0.1870416172
